title,text,label
NASA's James Webb Telescope Discovers Exoplanet Atmosphere,"NASA's James Webb Space Telescope has captured detailed atmospheric observations of a rocky exoplanet located 40 light-years from Earth. Researchers confirmed the presence of water vapor and carbon dioxide using transmission spectroscopy. The study, published in Nature astronomy journal, represents a major milestone in interstellar astrophysics.",0
Breakthrough Fusion Energy Experiment Achieves Net Energy Gain,Scientists at Lawrence Livermore National Laboratory repeated a fusion reaction yielding more energy than consumed by the driver lasers. Independent peer review confirmed net energy gain of 3.15 megajoules.,0
Deep Sea Exploration Uncovers Previously Unknown Marine Ecosystems,"Oceanographers deploying remote underwater vehicles discovered hydrothermal vent ecosystems teeming with novel tubeworms and chemotrophic bacteria at depths exceeding 4,000 meters in the Pacific Ocean.",0
Federal Reserve Holds Interest Rates Steady Amid Inflation Data,The Federal Reserve announced on Wednesday that benchmark interest rates will remain unchanged. Chairman Powell cited recent CPI data indicating inflation has slowed to 2.4% annually. Financial analysts expect monetary policy to remain data-dependent over the coming quarters.,0
European Central Bank Lowers Benchmark Interest Rates by 25 Basis Points,The European Central Bank announced a quarter-point rate reduction following declining Eurozone inflation metrics. Financial policymakers confirmed the decision reflects stabilized consumer price indexes across member states.,0
Global Semiconductor Manufacturing Capacity Expands with New Facilities,"Advanced microchip fabrication facilities opened in Arizona and Dresden today, increasing global semiconductor supply chain resilience for automotive and consumer electronics sectors.",0
World Health Organization Approves Next-Generation Malaria Vaccine,The World Health Organization has recommended the R21/Matrix-M malaria vaccine for child immunization. Clinical trials conducted across four African nations demonstrated 75% efficacy in reducing symptomatic malaria cases over a 12-month period.,0
Cancer Immunotherapy Trial Shows Promising Long-Term Remission,Oncology researchers at Johns Hopkins Medicine reported phase II clinical trial results showing a 62% sustained remission rate in patients receiving targeted CAR-T cell therapy for refractory lymphoma.,0
Clinical Trial Validates New Alzheimer's Drug for Early-Stage Patients,Medical researchers at Harvard Medical School published clinical trial results demonstrating a 30% reduction in cognitive decline among early-stage Alzheimer's patients receiving monoclonal antibody therapy.,0
Global Climate Summit Reaches Accord on Renewable Energy Transition,Delegates from 195 countries reached a consensus to triple global renewable energy capacity by 2030. The agreement establishes a international fund to support developing nations in phasing out coal power plants.,0
Tech Sector Standardizes AI Ethics and Verification Frameworks,Leading technology companies and research universities have agreed on a unified verification protocol for synthetic media. The standard incorporates cryptographic watermarks to identify AI-generated audio and video content.,0
Agricultural Robotics System Cuts Pesticide Use by 40 Percent,Agritech trials across Midwest farms confirmed that precision AI-guided spraying robots reduced chemical pesticide usage by 40% while preserving crop yields.,0
Bipartisan Infrastructure Bill Passes Senate with 68 Votes,"The United States Senate voted 68-31 to approve a comprehensive infrastructure bill targeting bridges, clean water networks, and high-speed broadband expansion. The legislation now moves to the President's desk for signature.",0
European Union Enacts Comprehensive Data Privacy Regulations,European Union regulators have implemented updated digital market guidelines requiring platform transparency and algorithmic accountability. Compliance reviews will begin next quarter across all member states.,0
MIRACLE CURE: Common Kitchen Ingredient Destroys All Diseases Overnight!,Big Pharma is terrified! Secret medical documents leaked by anonymous insiders prove drinking diluted baking soda with lemon completely cures stage 4 cancer and diabetes within 24 hours! Doctors are banned from speaking about this simple trick.,1
Celebrity Claims Drinking Raw Secret Elixir Reversed Biological Age by 30 Years!,Hollywood superstars are secretly using an unapproved miracle potion harvested from deep sea crystals that reverses DNA aging instantly! Doctors are furious but millions are ordering online before regulators ban it!,1
Drink This Secret Tea to Lose 50 Pounds in 3 Days Without Exercise!,Weight loss industry exposed! A rare ancient Amazonian herb melts belly fat instantly while you sleep. Clinical trials were suppressed by diet food manufacturers to protect billion dollar profits!,1
Shocking Discovery: Vegetables Contain Secret Toxins Designed to WEAKEN Humans!,Health experts warn that common broccoli and spinach were genetically engineered by global authorities to reduce human IQ and cause chronic fatigue. Switch to the all-meat secret diet today!,1
Secret Secret Government Satellite Emits Frequencies Controlling Weather,Whistleblowers reveal secret military satellites beam scalar energy directly into hurricane centers to manipulate global weather patterns and crash stock markets. Government officials refuse to address the classified electromagnetic grid.,1
5G Towers Confirmed to Transmit Mind Control Signals During Nighttime,Independent researchers discovered 5G towers operate on secret frequencies designed to induce compliance and lethargy in urban populations between 2 AM and 5 AM. Share this before it gets taken down!,1
Billionaire Secretly Replaces City Water Supply with Microchip Fluid,Shocking investigative report reveals globalist elites added nanotech tracking liquid into municipal tap water across major cities to monitor citizen movements 24/7.,1
Government Bans Growing Your Own Food in Backyard Gardens Nationwide!,Executive order signed last night makes home gardening illegal under penalty of immediate arrest! Authorities claim backyard vegetables threaten corporate agricultural monopolies.,1
Alien Spacecraft Uncovered Below Antarctic Ice Sheet by Satellite Imagery,"Shocking leaked satellite footage confirms a massive alien mothership buried beneath Antarctic ice for 10,000 years! Military forces have blockaded the continent while secret elites extract alien technology.",1
Leaked Documents Prove Dinosaurs Still Alive on Remote Undiscovered Island,Brave explorers released classified photographs showing living Tyrannosaurus Rex herds roaming an island hidden by government radar cloaking devices in the South Pacific.,1
"Moon Landing Was Filmed in Underground Studio, Director Confesses on Deathbed",A legendary Hollywood director left behind a sealed confession recording proving the 1969 Apollo moon landing was staged on a desert film set using miniature models and wires.,1
Scientists Discover Time Portal in Bermuda Triangle Teleporting Ships to 1920,Renowned physicists confirm that temporal anomalies in the Bermuda Triangle open wormholes into past decades. Ships missing since 1945 were recently spotted docked in 1928 ports!,1
NASA's James Webb Telescope Discovers Exoplanet Atmosphere (Official Update),"According to official reports published today, NASA's James Webb Space Telescope has captured detailed atmospheric observations of a rocky exoplanet located 40 light-years from Earth. Researchers confirmed the presence of water vapor and carbon dioxide using transmission spectroscopy. The study, published in Nature astronomy journal, represents a major milestone in interstellar astrophysics. Policy experts noted that the findings reflect long-term trends.",0
Breakthrough Fusion Energy Experiment Achieves Net Energy Gain (Official Update),"According to official reports published today, Scientists at Lawrence Livermore National Laboratory repeated a fusion reaction yielding more energy than consumed by the driver lasers. Independent peer review confirmed net energy gain of 3.15 megajoules. Policy experts noted that the findings reflect long-term trends.",0
Deep Sea Exploration Uncovers Previously Unknown Marine Ecosystems (Official Update),"According to official reports published today, Oceanographers deploying remote underwater vehicles discovered hydrothermal vent ecosystems teeming with novel tubeworms and chemotrophic bacteria at depths exceeding 4,000 meters in the Pacific Ocean. Policy experts noted that the findings reflect long-term trends.",0
Federal Reserve Holds Interest Rates Steady Amid Inflation Data (Official Update),"According to official reports published today, The Federal Reserve announced on Wednesday that benchmark interest rates will remain unchanged. Chairman Powell cited recent CPI data indicating inflation has slowed to 2.4% annually. Financial analysts expect monetary policy to remain data-dependent over the coming quarters. Policy experts noted that the findings reflect long-term trends.",0
European Central Bank Lowers Benchmark Interest Rates by 25 Basis Points (Official Update),"According to official reports published today, The European Central Bank announced a quarter-point rate reduction following declining Eurozone inflation metrics. Financial policymakers confirmed the decision reflects stabilized consumer price indexes across member states. Policy experts noted that the findings reflect long-term trends.",0
Global Semiconductor Manufacturing Capacity Expands with New Facilities (Official Update),"According to official reports published today, Advanced microchip fabrication facilities opened in Arizona and Dresden today, increasing global semiconductor supply chain resilience for automotive and consumer electronics sectors. Policy experts noted that the findings reflect long-term trends.",0
World Health Organization Approves Next-Generation Malaria Vaccine (Official Update),"According to official reports published today, The World Health Organization has recommended the R21/Matrix-M malaria vaccine for child immunization. Clinical trials conducted across four African nations demonstrated 75% efficacy in reducing symptomatic malaria cases over a 12-month period. Policy experts noted that the findings reflect long-term trends.",0
Cancer Immunotherapy Trial Shows Promising Long-Term Remission (Official Update),"According to official reports published today, Oncology researchers at Johns Hopkins Medicine reported phase II clinical trial results showing a 62% sustained remission rate in patients receiving targeted CAR-T cell therapy for refractory lymphoma. Policy experts noted that the findings reflect long-term trends.",0
Clinical Trial Validates New Alzheimer's Drug for Early-Stage Patients (Official Update),"According to official reports published today, Medical researchers at Harvard Medical School published clinical trial results demonstrating a 30% reduction in cognitive decline among early-stage Alzheimer's patients receiving monoclonal antibody therapy. Policy experts noted that the findings reflect long-term trends.",0
Global Climate Summit Reaches Accord on Renewable Energy Transition (Official Update),"According to official reports published today, Delegates from 195 countries reached a consensus to triple global renewable energy capacity by 2030. The agreement establishes a international fund to support developing nations in phasing out coal power plants. Policy experts noted that the findings reflect long-term trends.",0
Tech Sector Standardizes AI Ethics and Verification Frameworks (Official Update),"According to official reports published today, Leading technology companies and research universities have agreed on a unified verification protocol for synthetic media. The standard incorporates cryptographic watermarks to identify AI-generated audio and video content. Policy experts noted that the findings reflect long-term trends.",0
Agricultural Robotics System Cuts Pesticide Use by 40 Percent (Official Update),"According to official reports published today, Agritech trials across Midwest farms confirmed that precision AI-guided spraying robots reduced chemical pesticide usage by 40% while preserving crop yields. Policy experts noted that the findings reflect long-term trends.",0
Bipartisan Infrastructure Bill Passes Senate with 68 Votes (Official Update),"According to official reports published today, The United States Senate voted 68-31 to approve a comprehensive infrastructure bill targeting bridges, clean water networks, and high-speed broadband expansion. The legislation now moves to the President's desk for signature. Policy experts noted that the findings reflect long-term trends.",0
European Union Enacts Comprehensive Data Privacy Regulations (Official Update),"According to official reports published today, European Union regulators have implemented updated digital market guidelines requiring platform transparency and algorithmic accountability. Compliance reviews will begin next quarter across all member states. Policy experts noted that the findings reflect long-term trends.",0
SHOCKING: MIRACLE CURE: Common Kitchen Ingredient Destroys All Diseases Overnight!,SHOCKING LEAK! Mainstream media won't show you this: Big Pharma is terrified! Secret medical documents leaked by anonymous insiders prove drinking diluted baking soda with lemon completely cures stage 4 cancer and diabetes within 24 hours! Doctors are banned from speaking about this simple trick. Click here before regulators delete this video!,1
SHOCKING: Celebrity Claims Drinking Raw Secret Elixir Reversed Biological Age by 30 Years!,SHOCKING LEAK! Mainstream media won't show you this: Hollywood superstars are secretly using an unapproved miracle potion harvested from deep sea crystals that reverses DNA aging instantly! Doctors are furious but millions are ordering online before regulators ban it! Click here before regulators delete this video!,1
SHOCKING: Drink This Secret Tea to Lose 50 Pounds in 3 Days Without Exercise!,SHOCKING LEAK! Mainstream media won't show you this: Weight loss industry exposed! A rare ancient Amazonian herb melts belly fat instantly while you sleep. Clinical trials were suppressed by diet food manufacturers to protect billion dollar profits! Click here before regulators delete this video!,1
SHOCKING: Shocking Discovery: Vegetables Contain Secret Toxins Designed to WEAKEN Humans!,SHOCKING LEAK! Mainstream media won't show you this: Health experts warn that common broccoli and spinach were genetically engineered by global authorities to reduce human IQ and cause chronic fatigue. Switch to the all-meat secret diet today! Click here before regulators delete this video!,1
SHOCKING: Secret Secret Government Satellite Emits Frequencies Controlling Weather,SHOCKING LEAK! Mainstream media won't show you this: Whistleblowers reveal secret military satellites beam scalar energy directly into hurricane centers to manipulate global weather patterns and crash stock markets. Government officials refuse to address the classified electromagnetic grid. Click here before regulators delete this video!,1
SHOCKING: 5G Towers Confirmed to Transmit Mind Control Signals During Nighttime,SHOCKING LEAK! Mainstream media won't show you this: Independent researchers discovered 5G towers operate on secret frequencies designed to induce compliance and lethargy in urban populations between 2 AM and 5 AM. Share this before it gets taken down! Click here before regulators delete this video!,1
SHOCKING: Billionaire Secretly Replaces City Water Supply with Microchip Fluid,SHOCKING LEAK! Mainstream media won't show you this: Shocking investigative report reveals globalist elites added nanotech tracking liquid into municipal tap water across major cities to monitor citizen movements 24/7. Click here before regulators delete this video!,1
SHOCKING: Government Bans Growing Your Own Food in Backyard Gardens Nationwide!,SHOCKING LEAK! Mainstream media won't show you this: Executive order signed last night makes home gardening illegal under penalty of immediate arrest! Authorities claim backyard vegetables threaten corporate agricultural monopolies. Click here before regulators delete this video!,1
SHOCKING: Alien Spacecraft Uncovered Below Antarctic Ice Sheet by Satellite Imagery,"SHOCKING LEAK! Mainstream media won't show you this: Shocking leaked satellite footage confirms a massive alien mothership buried beneath Antarctic ice for 10,000 years! Military forces have blockaded the continent while secret elites extract alien technology. Click here before regulators delete this video!",1
SHOCKING: Leaked Documents Prove Dinosaurs Still Alive on Remote Undiscovered Island,SHOCKING LEAK! Mainstream media won't show you this: Brave explorers released classified photographs showing living Tyrannosaurus Rex herds roaming an island hidden by government radar cloaking devices in the South Pacific. Click here before regulators delete this video!,1
"SHOCKING: Moon Landing Was Filmed in Underground Studio, Director Confesses on Deathbed",SHOCKING LEAK! Mainstream media won't show you this: A legendary Hollywood director left behind a sealed confession recording proving the 1969 Apollo moon landing was staged on a desert film set using miniature models and wires. Click here before regulators delete this video!,1
SHOCKING: Scientists Discover Time Portal in Bermuda Triangle Teleporting Ships to 1920,SHOCKING LEAK! Mainstream media won't show you this: Renowned physicists confirm that temporal anomalies in the Bermuda Triangle open wormholes into past decades. Ships missing since 1945 were recently spotted docked in 1928 ports! Click here before regulators delete this video!,1
NASA's James Webb Telescope Discovers Exoplanet Atmosphere,"A formal study conducted by leading researchers revealed that NASA's James Webb Space Telescope has captured detailed atmospheric observations of a rocky exoplanet located 40 light-years from Earth. Researchers confirmed the presence of water vapor and carbon dioxide using transmission spectroscopy. The study, published in Nature astronomy journal, represents a major milestone in interstellar astrophysics. Further peer-reviewed evidence will be released next month.",0
Breakthrough Fusion Energy Experiment Achieves Net Energy Gain,A formal study conducted by leading researchers revealed that Scientists at Lawrence Livermore National Laboratory repeated a fusion reaction yielding more energy than consumed by the driver lasers. Independent peer review confirmed net energy gain of 3.15 megajoules. Further peer-reviewed evidence will be released next month.,0
Deep Sea Exploration Uncovers Previously Unknown Marine Ecosystems,"A formal study conducted by leading researchers revealed that Oceanographers deploying remote underwater vehicles discovered hydrothermal vent ecosystems teeming with novel tubeworms and chemotrophic bacteria at depths exceeding 4,000 meters in the Pacific Ocean. Further peer-reviewed evidence will be released next month.",0
Federal Reserve Holds Interest Rates Steady Amid Inflation Data,A formal study conducted by leading researchers revealed that The Federal Reserve announced on Wednesday that benchmark interest rates will remain unchanged. Chairman Powell cited recent CPI data indicating inflation has slowed to 2.4% annually. Financial analysts expect monetary policy to remain data-dependent over the coming quarters. Further peer-reviewed evidence will be released next month.,0
European Central Bank Lowers Benchmark Interest Rates by 25 Basis Points,A formal study conducted by leading researchers revealed that The European Central Bank announced a quarter-point rate reduction following declining Eurozone inflation metrics. Financial policymakers confirmed the decision reflects stabilized consumer price indexes across member states. Further peer-reviewed evidence will be released next month.,0
Global Semiconductor Manufacturing Capacity Expands with New Facilities,"A formal study conducted by leading researchers revealed that Advanced microchip fabrication facilities opened in Arizona and Dresden today, increasing global semiconductor supply chain resilience for automotive and consumer electronics sectors. Further peer-reviewed evidence will be released next month.",0
World Health Organization Approves Next-Generation Malaria Vaccine,A formal study conducted by leading researchers revealed that The World Health Organization has recommended the R21/Matrix-M malaria vaccine for child immunization. Clinical trials conducted across four African nations demonstrated 75% efficacy in reducing symptomatic malaria cases over a 12-month period. Further peer-reviewed evidence will be released next month.,0
Cancer Immunotherapy Trial Shows Promising Long-Term Remission,A formal study conducted by leading researchers revealed that Oncology researchers at Johns Hopkins Medicine reported phase II clinical trial results showing a 62% sustained remission rate in patients receiving targeted CAR-T cell therapy for refractory lymphoma. Further peer-reviewed evidence will be released next month.,0
Clinical Trial Validates New Alzheimer's Drug for Early-Stage Patients,A formal study conducted by leading researchers revealed that Medical researchers at Harvard Medical School published clinical trial results demonstrating a 30% reduction in cognitive decline among early-stage Alzheimer's patients receiving monoclonal antibody therapy. Further peer-reviewed evidence will be released next month.,0
Global Climate Summit Reaches Accord on Renewable Energy Transition,A formal study conducted by leading researchers revealed that Delegates from 195 countries reached a consensus to triple global renewable energy capacity by 2030. The agreement establishes a international fund to support developing nations in phasing out coal power plants. Further peer-reviewed evidence will be released next month.,0
Tech Sector Standardizes AI Ethics and Verification Frameworks,A formal study conducted by leading researchers revealed that Leading technology companies and research universities have agreed on a unified verification protocol for synthetic media. The standard incorporates cryptographic watermarks to identify AI-generated audio and video content. Further peer-reviewed evidence will be released next month.,0
Agricultural Robotics System Cuts Pesticide Use by 40 Percent,A formal study conducted by leading researchers revealed that Agritech trials across Midwest farms confirmed that precision AI-guided spraying robots reduced chemical pesticide usage by 40% while preserving crop yields. Further peer-reviewed evidence will be released next month.,0
Bipartisan Infrastructure Bill Passes Senate with 68 Votes,"A formal study conducted by leading researchers revealed that The United States Senate voted 68-31 to approve a comprehensive infrastructure bill targeting bridges, clean water networks, and high-speed broadband expansion. The legislation now moves to the President's desk for signature. Further peer-reviewed evidence will be released next month.",0
European Union Enacts Comprehensive Data Privacy Regulations,A formal study conducted by leading researchers revealed that European Union regulators have implemented updated digital market guidelines requiring platform transparency and algorithmic accountability. Compliance reviews will begin next quarter across all member states. Further peer-reviewed evidence will be released next month.,0
MIRACLE CURE: Common Kitchen Ingredient Destroys All Diseases Overnight!,UNBELIEVABLE TRUTH REVEALED! Insiders expose that Big Pharma is terrified! Secret medical documents leaked by anonymous insiders prove drinking diluted baking soda with lemon completely cures stage 4 cancer and diabetes within 24 hours! Doctors are banned from speaking about this simple trick. Share this secret message with everyone you know immediately!,1
Celebrity Claims Drinking Raw Secret Elixir Reversed Biological Age by 30 Years!,UNBELIEVABLE TRUTH REVEALED! Insiders expose that Hollywood superstars are secretly using an unapproved miracle potion harvested from deep sea crystals that reverses DNA aging instantly! Doctors are furious but millions are ordering online before regulators ban it! Share this secret message with everyone you know immediately!,1
Drink This Secret Tea to Lose 50 Pounds in 3 Days Without Exercise!,UNBELIEVABLE TRUTH REVEALED! Insiders expose that Weight loss industry exposed! A rare ancient Amazonian herb melts belly fat instantly while you sleep. Clinical trials were suppressed by diet food manufacturers to protect billion dollar profits! Share this secret message with everyone you know immediately!,1
Shocking Discovery: Vegetables Contain Secret Toxins Designed to WEAKEN Humans!,UNBELIEVABLE TRUTH REVEALED! Insiders expose that Health experts warn that common broccoli and spinach were genetically engineered by global authorities to reduce human IQ and cause chronic fatigue. Switch to the all-meat secret diet today! Share this secret message with everyone you know immediately!,1
Secret Secret Government Satellite Emits Frequencies Controlling Weather,UNBELIEVABLE TRUTH REVEALED! Insiders expose that Whistleblowers reveal secret military satellites beam scalar energy directly into hurricane centers to manipulate global weather patterns and crash stock markets. Government officials refuse to address the classified electromagnetic grid. Share this secret message with everyone you know immediately!,1
5G Towers Confirmed to Transmit Mind Control Signals During Nighttime,UNBELIEVABLE TRUTH REVEALED! Insiders expose that Independent researchers discovered 5G towers operate on secret frequencies designed to induce compliance and lethargy in urban populations between 2 AM and 5 AM. Share this before it gets taken down! Share this secret message with everyone you know immediately!,1
Billionaire Secretly Replaces City Water Supply with Microchip Fluid,UNBELIEVABLE TRUTH REVEALED! Insiders expose that Shocking investigative report reveals globalist elites added nanotech tracking liquid into municipal tap water across major cities to monitor citizen movements 24/7. Share this secret message with everyone you know immediately!,1
Government Bans Growing Your Own Food in Backyard Gardens Nationwide!,UNBELIEVABLE TRUTH REVEALED! Insiders expose that Executive order signed last night makes home gardening illegal under penalty of immediate arrest! Authorities claim backyard vegetables threaten corporate agricultural monopolies. Share this secret message with everyone you know immediately!,1
Alien Spacecraft Uncovered Below Antarctic Ice Sheet by Satellite Imagery,"UNBELIEVABLE TRUTH REVEALED! Insiders expose that Shocking leaked satellite footage confirms a massive alien mothership buried beneath Antarctic ice for 10,000 years! Military forces have blockaded the continent while secret elites extract alien technology. Share this secret message with everyone you know immediately!",1
Leaked Documents Prove Dinosaurs Still Alive on Remote Undiscovered Island,UNBELIEVABLE TRUTH REVEALED! Insiders expose that Brave explorers released classified photographs showing living Tyrannosaurus Rex herds roaming an island hidden by government radar cloaking devices in the South Pacific. Share this secret message with everyone you know immediately!,1
"Moon Landing Was Filmed in Underground Studio, Director Confesses on Deathbed",UNBELIEVABLE TRUTH REVEALED! Insiders expose that A legendary Hollywood director left behind a sealed confession recording proving the 1969 Apollo moon landing was staged on a desert film set using miniature models and wires. Share this secret message with everyone you know immediately!,1
Scientists Discover Time Portal in Bermuda Triangle Teleporting Ships to 1920,UNBELIEVABLE TRUTH REVEALED! Insiders expose that Renowned physicists confirm that temporal anomalies in the Bermuda Triangle open wormholes into past decades. Ships missing since 1945 were recently spotted docked in 1928 ports! Share this secret message with everyone you know immediately!,1
NASA's James Webb Telescope Discovers Exoplanet Atmosphere,"Official representatives confirmed in a press conference that NASA's James Webb Space Telescope has captured detailed atmospheric observations of a rocky exoplanet located 40 light-years from Earth. Researchers confirmed the presence of water vapor and carbon dioxide using transmission spectroscopy. The study, published in Nature astronomy journal, represents a major milestone in interstellar astrophysics. Market reactions remained stable following the statement.",0
Breakthrough Fusion Energy Experiment Achieves Net Energy Gain,Official representatives confirmed in a press conference that Scientists at Lawrence Livermore National Laboratory repeated a fusion reaction yielding more energy than consumed by the driver lasers. Independent peer review confirmed net energy gain of 3.15 megajoules. Market reactions remained stable following the statement.,0
Deep Sea Exploration Uncovers Previously Unknown Marine Ecosystems,"Official representatives confirmed in a press conference that Oceanographers deploying remote underwater vehicles discovered hydrothermal vent ecosystems teeming with novel tubeworms and chemotrophic bacteria at depths exceeding 4,000 meters in the Pacific Ocean. Market reactions remained stable following the statement.",0
Federal Reserve Holds Interest Rates Steady Amid Inflation Data,Official representatives confirmed in a press conference that The Federal Reserve announced on Wednesday that benchmark interest rates will remain unchanged. Chairman Powell cited recent CPI data indicating inflation has slowed to 2.4% annually. Financial analysts expect monetary policy to remain data-dependent over the coming quarters. Market reactions remained stable following the statement.,0
European Central Bank Lowers Benchmark Interest Rates by 25 Basis Points,Official representatives confirmed in a press conference that The European Central Bank announced a quarter-point rate reduction following declining Eurozone inflation metrics. Financial policymakers confirmed the decision reflects stabilized consumer price indexes across member states. Market reactions remained stable following the statement.,0
Global Semiconductor Manufacturing Capacity Expands with New Facilities,"Official representatives confirmed in a press conference that Advanced microchip fabrication facilities opened in Arizona and Dresden today, increasing global semiconductor supply chain resilience for automotive and consumer electronics sectors. Market reactions remained stable following the statement.",0
World Health Organization Approves Next-Generation Malaria Vaccine,Official representatives confirmed in a press conference that The World Health Organization has recommended the R21/Matrix-M malaria vaccine for child immunization. Clinical trials conducted across four African nations demonstrated 75% efficacy in reducing symptomatic malaria cases over a 12-month period. Market reactions remained stable following the statement.,0
Cancer Immunotherapy Trial Shows Promising Long-Term Remission,Official representatives confirmed in a press conference that Oncology researchers at Johns Hopkins Medicine reported phase II clinical trial results showing a 62% sustained remission rate in patients receiving targeted CAR-T cell therapy for refractory lymphoma. Market reactions remained stable following the statement.,0
Clinical Trial Validates New Alzheimer's Drug for Early-Stage Patients,Official representatives confirmed in a press conference that Medical researchers at Harvard Medical School published clinical trial results demonstrating a 30% reduction in cognitive decline among early-stage Alzheimer's patients receiving monoclonal antibody therapy. Market reactions remained stable following the statement.,0
Global Climate Summit Reaches Accord on Renewable Energy Transition,Official representatives confirmed in a press conference that Delegates from 195 countries reached a consensus to triple global renewable energy capacity by 2030. The agreement establishes a international fund to support developing nations in phasing out coal power plants. Market reactions remained stable following the statement.,0
Tech Sector Standardizes AI Ethics and Verification Frameworks,Official representatives confirmed in a press conference that Leading technology companies and research universities have agreed on a unified verification protocol for synthetic media. The standard incorporates cryptographic watermarks to identify AI-generated audio and video content. Market reactions remained stable following the statement.,0
Agricultural Robotics System Cuts Pesticide Use by 40 Percent,Official representatives confirmed in a press conference that Agritech trials across Midwest farms confirmed that precision AI-guided spraying robots reduced chemical pesticide usage by 40% while preserving crop yields. Market reactions remained stable following the statement.,0
Bipartisan Infrastructure Bill Passes Senate with 68 Votes,"Official representatives confirmed in a press conference that The United States Senate voted 68-31 to approve a comprehensive infrastructure bill targeting bridges, clean water networks, and high-speed broadband expansion. The legislation now moves to the President's desk for signature. Market reactions remained stable following the statement.",0
European Union Enacts Comprehensive Data Privacy Regulations,Official representatives confirmed in a press conference that European Union regulators have implemented updated digital market guidelines requiring platform transparency and algorithmic accountability. Compliance reviews will begin next quarter across all member states. Market reactions remained stable following the statement.,0
SHOCKING: MIRACLE CURE: Common Kitchen Ingredient Destroys All Diseases Overnight!,THEY ARE LYING TO YOU! What doctors and government officials don't want you to know: Big Pharma is terrified! Secret medical documents leaked by anonymous insiders prove drinking diluted baking soda with lemon completely cures stage 4 cancer and diabetes within 24 hours! Doctors are banned from speaking about this simple trick. Miracle solution exposed!,1
SHOCKING: Celebrity Claims Drinking Raw Secret Elixir Reversed Biological Age by 30 Years!,THEY ARE LYING TO YOU! What doctors and government officials don't want you to know: Hollywood superstars are secretly using an unapproved miracle potion harvested from deep sea crystals that reverses DNA aging instantly! Doctors are furious but millions are ordering online before regulators ban it! Miracle solution exposed!,1
SHOCKING: Drink This Secret Tea to Lose 50 Pounds in 3 Days Without Exercise!,THEY ARE LYING TO YOU! What doctors and government officials don't want you to know: Weight loss industry exposed! A rare ancient Amazonian herb melts belly fat instantly while you sleep. Clinical trials were suppressed by diet food manufacturers to protect billion dollar profits! Miracle solution exposed!,1
SHOCKING: Shocking Discovery: Vegetables Contain Secret Toxins Designed to WEAKEN Humans!,THEY ARE LYING TO YOU! What doctors and government officials don't want you to know: Health experts warn that common broccoli and spinach were genetically engineered by global authorities to reduce human IQ and cause chronic fatigue. Switch to the all-meat secret diet today! Miracle solution exposed!,1
SHOCKING: Secret Secret Government Satellite Emits Frequencies Controlling Weather,THEY ARE LYING TO YOU! What doctors and government officials don't want you to know: Whistleblowers reveal secret military satellites beam scalar energy directly into hurricane centers to manipulate global weather patterns and crash stock markets. Government officials refuse to address the classified electromagnetic grid. Miracle solution exposed!,1
SHOCKING: 5G Towers Confirmed to Transmit Mind Control Signals During Nighttime,THEY ARE LYING TO YOU! What doctors and government officials don't want you to know: Independent researchers discovered 5G towers operate on secret frequencies designed to induce compliance and lethargy in urban populations between 2 AM and 5 AM. Share this before it gets taken down! Miracle solution exposed!,1
SHOCKING: Billionaire Secretly Replaces City Water Supply with Microchip Fluid,THEY ARE LYING TO YOU! What doctors and government officials don't want you to know: Shocking investigative report reveals globalist elites added nanotech tracking liquid into municipal tap water across major cities to monitor citizen movements 24/7. Miracle solution exposed!,1
SHOCKING: Government Bans Growing Your Own Food in Backyard Gardens Nationwide!,THEY ARE LYING TO YOU! What doctors and government officials don't want you to know: Executive order signed last night makes home gardening illegal under penalty of immediate arrest! Authorities claim backyard vegetables threaten corporate agricultural monopolies. Miracle solution exposed!,1
SHOCKING: Alien Spacecraft Uncovered Below Antarctic Ice Sheet by Satellite Imagery,"THEY ARE LYING TO YOU! What doctors and government officials don't want you to know: Shocking leaked satellite footage confirms a massive alien mothership buried beneath Antarctic ice for 10,000 years! Military forces have blockaded the continent while secret elites extract alien technology. Miracle solution exposed!",1
SHOCKING: Leaked Documents Prove Dinosaurs Still Alive on Remote Undiscovered Island,THEY ARE LYING TO YOU! What doctors and government officials don't want you to know: Brave explorers released classified photographs showing living Tyrannosaurus Rex herds roaming an island hidden by government radar cloaking devices in the South Pacific. Miracle solution exposed!,1
"SHOCKING: Moon Landing Was Filmed in Underground Studio, Director Confesses on Deathbed",THEY ARE LYING TO YOU! What doctors and government officials don't want you to know: A legendary Hollywood director left behind a sealed confession recording proving the 1969 Apollo moon landing was staged on a desert film set using miniature models and wires. Miracle solution exposed!,1
SHOCKING: Scientists Discover Time Portal in Bermuda Triangle Teleporting Ships to 1920,THEY ARE LYING TO YOU! What doctors and government officials don't want you to know: Renowned physicists confirm that temporal anomalies in the Bermuda Triangle open wormholes into past decades. Ships missing since 1945 were recently spotted docked in 1928 ports! Miracle solution exposed!,1
NASA's James Webb Telescope Discovers Exoplanet Atmosphere (Official Update),"In a peer-reviewed publication, scientists demonstrated that NASA's James Webb Space Telescope has captured detailed atmospheric observations of a rocky exoplanet located 40 light-years from Earth. Researchers confirmed the presence of water vapor and carbon dioxide using transmission spectroscopy. The study, published in Nature astronomy journal, represents a major milestone in interstellar astrophysics. The methodology was validated across multiple independent trials.",0
Breakthrough Fusion Energy Experiment Achieves Net Energy Gain (Official Update),"In a peer-reviewed publication, scientists demonstrated that Scientists at Lawrence Livermore National Laboratory repeated a fusion reaction yielding more energy than consumed by the driver lasers. Independent peer review confirmed net energy gain of 3.15 megajoules. The methodology was validated across multiple independent trials.",0
Deep Sea Exploration Uncovers Previously Unknown Marine Ecosystems (Official Update),"In a peer-reviewed publication, scientists demonstrated that Oceanographers deploying remote underwater vehicles discovered hydrothermal vent ecosystems teeming with novel tubeworms and chemotrophic bacteria at depths exceeding 4,000 meters in the Pacific Ocean. The methodology was validated across multiple independent trials.",0
Federal Reserve Holds Interest Rates Steady Amid Inflation Data (Official Update),"In a peer-reviewed publication, scientists demonstrated that The Federal Reserve announced on Wednesday that benchmark interest rates will remain unchanged. Chairman Powell cited recent CPI data indicating inflation has slowed to 2.4% annually. Financial analysts expect monetary policy to remain data-dependent over the coming quarters. The methodology was validated across multiple independent trials.",0
European Central Bank Lowers Benchmark Interest Rates by 25 Basis Points (Official Update),"In a peer-reviewed publication, scientists demonstrated that The European Central Bank announced a quarter-point rate reduction following declining Eurozone inflation metrics. Financial policymakers confirmed the decision reflects stabilized consumer price indexes across member states. The methodology was validated across multiple independent trials.",0
Global Semiconductor Manufacturing Capacity Expands with New Facilities (Official Update),"In a peer-reviewed publication, scientists demonstrated that Advanced microchip fabrication facilities opened in Arizona and Dresden today, increasing global semiconductor supply chain resilience for automotive and consumer electronics sectors. The methodology was validated across multiple independent trials.",0
World Health Organization Approves Next-Generation Malaria Vaccine (Official Update),"In a peer-reviewed publication, scientists demonstrated that The World Health Organization has recommended the R21/Matrix-M malaria vaccine for child immunization. Clinical trials conducted across four African nations demonstrated 75% efficacy in reducing symptomatic malaria cases over a 12-month period. The methodology was validated across multiple independent trials.",0
Cancer Immunotherapy Trial Shows Promising Long-Term Remission (Official Update),"In a peer-reviewed publication, scientists demonstrated that Oncology researchers at Johns Hopkins Medicine reported phase II clinical trial results showing a 62% sustained remission rate in patients receiving targeted CAR-T cell therapy for refractory lymphoma. The methodology was validated across multiple independent trials.",0
Clinical Trial Validates New Alzheimer's Drug for Early-Stage Patients (Official Update),"In a peer-reviewed publication, scientists demonstrated that Medical researchers at Harvard Medical School published clinical trial results demonstrating a 30% reduction in cognitive decline among early-stage Alzheimer's patients receiving monoclonal antibody therapy. The methodology was validated across multiple independent trials.",0
Global Climate Summit Reaches Accord on Renewable Energy Transition (Official Update),"In a peer-reviewed publication, scientists demonstrated that Delegates from 195 countries reached a consensus to triple global renewable energy capacity by 2030. The agreement establishes a international fund to support developing nations in phasing out coal power plants. The methodology was validated across multiple independent trials.",0
Tech Sector Standardizes AI Ethics and Verification Frameworks (Official Update),"In a peer-reviewed publication, scientists demonstrated that Leading technology companies and research universities have agreed on a unified verification protocol for synthetic media. The standard incorporates cryptographic watermarks to identify AI-generated audio and video content. The methodology was validated across multiple independent trials.",0
Agricultural Robotics System Cuts Pesticide Use by 40 Percent (Official Update),"In a peer-reviewed publication, scientists demonstrated that Agritech trials across Midwest farms confirmed that precision AI-guided spraying robots reduced chemical pesticide usage by 40% while preserving crop yields. The methodology was validated across multiple independent trials.",0
Bipartisan Infrastructure Bill Passes Senate with 68 Votes (Official Update),"In a peer-reviewed publication, scientists demonstrated that The United States Senate voted 68-31 to approve a comprehensive infrastructure bill targeting bridges, clean water networks, and high-speed broadband expansion. The legislation now moves to the President's desk for signature. The methodology was validated across multiple independent trials.",0
European Union Enacts Comprehensive Data Privacy Regulations (Official Update),"In a peer-reviewed publication, scientists demonstrated that European Union regulators have implemented updated digital market guidelines requiring platform transparency and algorithmic accountability. Compliance reviews will begin next quarter across all member states. The methodology was validated across multiple independent trials.",0
MIRACLE CURE: Common Kitchen Ingredient Destroys All Diseases Overnight!,CLASSIFIED EVIDENCE EXPOSED! Anonymous sources confirm Big Pharma is terrified! Secret medical documents leaked by anonymous insiders prove drinking diluted baking soda with lemon completely cures stage 4 cancer and diabetes within 24 hours! Doctors are banned from speaking about this simple trick. Big Pharma and corrupt elites are terrified!,1
Celebrity Claims Drinking Raw Secret Elixir Reversed Biological Age by 30 Years!,CLASSIFIED EVIDENCE EXPOSED! Anonymous sources confirm Hollywood superstars are secretly using an unapproved miracle potion harvested from deep sea crystals that reverses DNA aging instantly! Doctors are furious but millions are ordering online before regulators ban it! Big Pharma and corrupt elites are terrified!,1
Drink This Secret Tea to Lose 50 Pounds in 3 Days Without Exercise!,CLASSIFIED EVIDENCE EXPOSED! Anonymous sources confirm Weight loss industry exposed! A rare ancient Amazonian herb melts belly fat instantly while you sleep. Clinical trials were suppressed by diet food manufacturers to protect billion dollar profits! Big Pharma and corrupt elites are terrified!,1
Shocking Discovery: Vegetables Contain Secret Toxins Designed to WEAKEN Humans!,CLASSIFIED EVIDENCE EXPOSED! Anonymous sources confirm Health experts warn that common broccoli and spinach were genetically engineered by global authorities to reduce human IQ and cause chronic fatigue. Switch to the all-meat secret diet today! Big Pharma and corrupt elites are terrified!,1
Secret Secret Government Satellite Emits Frequencies Controlling Weather,CLASSIFIED EVIDENCE EXPOSED! Anonymous sources confirm Whistleblowers reveal secret military satellites beam scalar energy directly into hurricane centers to manipulate global weather patterns and crash stock markets. Government officials refuse to address the classified electromagnetic grid. Big Pharma and corrupt elites are terrified!,1
5G Towers Confirmed to Transmit Mind Control Signals During Nighttime,CLASSIFIED EVIDENCE EXPOSED! Anonymous sources confirm Independent researchers discovered 5G towers operate on secret frequencies designed to induce compliance and lethargy in urban populations between 2 AM and 5 AM. Share this before it gets taken down! Big Pharma and corrupt elites are terrified!,1
Billionaire Secretly Replaces City Water Supply with Microchip Fluid,CLASSIFIED EVIDENCE EXPOSED! Anonymous sources confirm Shocking investigative report reveals globalist elites added nanotech tracking liquid into municipal tap water across major cities to monitor citizen movements 24/7. Big Pharma and corrupt elites are terrified!,1
Government Bans Growing Your Own Food in Backyard Gardens Nationwide!,CLASSIFIED EVIDENCE EXPOSED! Anonymous sources confirm Executive order signed last night makes home gardening illegal under penalty of immediate arrest! Authorities claim backyard vegetables threaten corporate agricultural monopolies. Big Pharma and corrupt elites are terrified!,1
Alien Spacecraft Uncovered Below Antarctic Ice Sheet by Satellite Imagery,"CLASSIFIED EVIDENCE EXPOSED! Anonymous sources confirm Shocking leaked satellite footage confirms a massive alien mothership buried beneath Antarctic ice for 10,000 years! Military forces have blockaded the continent while secret elites extract alien technology. Big Pharma and corrupt elites are terrified!",1
Leaked Documents Prove Dinosaurs Still Alive on Remote Undiscovered Island,CLASSIFIED EVIDENCE EXPOSED! Anonymous sources confirm Brave explorers released classified photographs showing living Tyrannosaurus Rex herds roaming an island hidden by government radar cloaking devices in the South Pacific. Big Pharma and corrupt elites are terrified!,1
"Moon Landing Was Filmed in Underground Studio, Director Confesses on Deathbed",CLASSIFIED EVIDENCE EXPOSED! Anonymous sources confirm A legendary Hollywood director left behind a sealed confession recording proving the 1969 Apollo moon landing was staged on a desert film set using miniature models and wires. Big Pharma and corrupt elites are terrified!,1
Scientists Discover Time Portal in Bermuda Triangle Teleporting Ships to 1920,CLASSIFIED EVIDENCE EXPOSED! Anonymous sources confirm Renowned physicists confirm that temporal anomalies in the Bermuda Triangle open wormholes into past decades. Ships missing since 1945 were recently spotted docked in 1928 ports! Big Pharma and corrupt elites are terrified!,1
NASA's James Webb Telescope Discovers Exoplanet Atmosphere,"Data released by international regulators highlights that NASA's James Webb Space Telescope has captured detailed atmospheric observations of a rocky exoplanet located 40 light-years from Earth. Researchers confirmed the presence of water vapor and carbon dioxide using transmission spectroscopy. The study, published in Nature astronomy journal, represents a major milestone in interstellar astrophysics. Compliance frameworks are scheduled to take effect next year.",0
Breakthrough Fusion Energy Experiment Achieves Net Energy Gain,Data released by international regulators highlights that Scientists at Lawrence Livermore National Laboratory repeated a fusion reaction yielding more energy than consumed by the driver lasers. Independent peer review confirmed net energy gain of 3.15 megajoules. Compliance frameworks are scheduled to take effect next year.,0
Deep Sea Exploration Uncovers Previously Unknown Marine Ecosystems,"Data released by international regulators highlights that Oceanographers deploying remote underwater vehicles discovered hydrothermal vent ecosystems teeming with novel tubeworms and chemotrophic bacteria at depths exceeding 4,000 meters in the Pacific Ocean. Compliance frameworks are scheduled to take effect next year.",0
Federal Reserve Holds Interest Rates Steady Amid Inflation Data,Data released by international regulators highlights that The Federal Reserve announced on Wednesday that benchmark interest rates will remain unchanged. Chairman Powell cited recent CPI data indicating inflation has slowed to 2.4% annually. Financial analysts expect monetary policy to remain data-dependent over the coming quarters. Compliance frameworks are scheduled to take effect next year.,0
European Central Bank Lowers Benchmark Interest Rates by 25 Basis Points,Data released by international regulators highlights that The European Central Bank announced a quarter-point rate reduction following declining Eurozone inflation metrics. Financial policymakers confirmed the decision reflects stabilized consumer price indexes across member states. Compliance frameworks are scheduled to take effect next year.,0
Global Semiconductor Manufacturing Capacity Expands with New Facilities,"Data released by international regulators highlights that Advanced microchip fabrication facilities opened in Arizona and Dresden today, increasing global semiconductor supply chain resilience for automotive and consumer electronics sectors. Compliance frameworks are scheduled to take effect next year.",0
World Health Organization Approves Next-Generation Malaria Vaccine,Data released by international regulators highlights that The World Health Organization has recommended the R21/Matrix-M malaria vaccine for child immunization. Clinical trials conducted across four African nations demonstrated 75% efficacy in reducing symptomatic malaria cases over a 12-month period. Compliance frameworks are scheduled to take effect next year.,0
Cancer Immunotherapy Trial Shows Promising Long-Term Remission,Data released by international regulators highlights that Oncology researchers at Johns Hopkins Medicine reported phase II clinical trial results showing a 62% sustained remission rate in patients receiving targeted CAR-T cell therapy for refractory lymphoma. Compliance frameworks are scheduled to take effect next year.,0
Clinical Trial Validates New Alzheimer's Drug for Early-Stage Patients,Data released by international regulators highlights that Medical researchers at Harvard Medical School published clinical trial results demonstrating a 30% reduction in cognitive decline among early-stage Alzheimer's patients receiving monoclonal antibody therapy. Compliance frameworks are scheduled to take effect next year.,0
Global Climate Summit Reaches Accord on Renewable Energy Transition,Data released by international regulators highlights that Delegates from 195 countries reached a consensus to triple global renewable energy capacity by 2030. The agreement establishes a international fund to support developing nations in phasing out coal power plants. Compliance frameworks are scheduled to take effect next year.,0
Tech Sector Standardizes AI Ethics and Verification Frameworks,Data released by international regulators highlights that Leading technology companies and research universities have agreed on a unified verification protocol for synthetic media. The standard incorporates cryptographic watermarks to identify AI-generated audio and video content. Compliance frameworks are scheduled to take effect next year.,0
Agricultural Robotics System Cuts Pesticide Use by 40 Percent,Data released by international regulators highlights that Agritech trials across Midwest farms confirmed that precision AI-guided spraying robots reduced chemical pesticide usage by 40% while preserving crop yields. Compliance frameworks are scheduled to take effect next year.,0
Bipartisan Infrastructure Bill Passes Senate with 68 Votes,"Data released by international regulators highlights that The United States Senate voted 68-31 to approve a comprehensive infrastructure bill targeting bridges, clean water networks, and high-speed broadband expansion. The legislation now moves to the President's desk for signature. Compliance frameworks are scheduled to take effect next year.",0
European Union Enacts Comprehensive Data Privacy Regulations,Data released by international regulators highlights that European Union regulators have implemented updated digital market guidelines requiring platform transparency and algorithmic accountability. Compliance reviews will begin next quarter across all member states. Compliance frameworks are scheduled to take effect next year.,0
SHOCKING: MIRACLE CURE: Common Kitchen Ingredient Destroys All Diseases Overnight!,DONT BE FOOLED! Secret documents confirm Big Pharma is terrified! Secret medical documents leaked by anonymous insiders prove drinking diluted baking soda with lemon completely cures stage 4 cancer and diabetes within 24 hours! Doctors are banned from speaking about this simple trick. Act now before it is banned forever!,1
SHOCKING: Celebrity Claims Drinking Raw Secret Elixir Reversed Biological Age by 30 Years!,DONT BE FOOLED! Secret documents confirm Hollywood superstars are secretly using an unapproved miracle potion harvested from deep sea crystals that reverses DNA aging instantly! Doctors are furious but millions are ordering online before regulators ban it! Act now before it is banned forever!,1
SHOCKING: Drink This Secret Tea to Lose 50 Pounds in 3 Days Without Exercise!,DONT BE FOOLED! Secret documents confirm Weight loss industry exposed! A rare ancient Amazonian herb melts belly fat instantly while you sleep. Clinical trials were suppressed by diet food manufacturers to protect billion dollar profits! Act now before it is banned forever!,1
SHOCKING: Shocking Discovery: Vegetables Contain Secret Toxins Designed to WEAKEN Humans!,DONT BE FOOLED! Secret documents confirm Health experts warn that common broccoli and spinach were genetically engineered by global authorities to reduce human IQ and cause chronic fatigue. Switch to the all-meat secret diet today! Act now before it is banned forever!,1
SHOCKING: Secret Secret Government Satellite Emits Frequencies Controlling Weather,DONT BE FOOLED! Secret documents confirm Whistleblowers reveal secret military satellites beam scalar energy directly into hurricane centers to manipulate global weather patterns and crash stock markets. Government officials refuse to address the classified electromagnetic grid. Act now before it is banned forever!,1
SHOCKING: 5G Towers Confirmed to Transmit Mind Control Signals During Nighttime,DONT BE FOOLED! Secret documents confirm Independent researchers discovered 5G towers operate on secret frequencies designed to induce compliance and lethargy in urban populations between 2 AM and 5 AM. Share this before it gets taken down! Act now before it is banned forever!,1
SHOCKING: Billionaire Secretly Replaces City Water Supply with Microchip Fluid,DONT BE FOOLED! Secret documents confirm Shocking investigative report reveals globalist elites added nanotech tracking liquid into municipal tap water across major cities to monitor citizen movements 24/7. Act now before it is banned forever!,1
SHOCKING: Government Bans Growing Your Own Food in Backyard Gardens Nationwide!,DONT BE FOOLED! Secret documents confirm Executive order signed last night makes home gardening illegal under penalty of immediate arrest! Authorities claim backyard vegetables threaten corporate agricultural monopolies. Act now before it is banned forever!,1
SHOCKING: Alien Spacecraft Uncovered Below Antarctic Ice Sheet by Satellite Imagery,"DONT BE FOOLED! Secret documents confirm Shocking leaked satellite footage confirms a massive alien mothership buried beneath Antarctic ice for 10,000 years! Military forces have blockaded the continent while secret elites extract alien technology. Act now before it is banned forever!",1
SHOCKING: Leaked Documents Prove Dinosaurs Still Alive on Remote Undiscovered Island,DONT BE FOOLED! Secret documents confirm Brave explorers released classified photographs showing living Tyrannosaurus Rex herds roaming an island hidden by government radar cloaking devices in the South Pacific. Act now before it is banned forever!,1
"SHOCKING: Moon Landing Was Filmed in Underground Studio, Director Confesses on Deathbed",DONT BE FOOLED! Secret documents confirm A legendary Hollywood director left behind a sealed confession recording proving the 1969 Apollo moon landing was staged on a desert film set using miniature models and wires. Act now before it is banned forever!,1
SHOCKING: Scientists Discover Time Portal in Bermuda Triangle Teleporting Ships to 1920,DONT BE FOOLED! Secret documents confirm Renowned physicists confirm that temporal anomalies in the Bermuda Triangle open wormholes into past decades. Ships missing since 1945 were recently spotted docked in 1928 ports! Act now before it is banned forever!,1
NASA's James Webb Telescope Discovers Exoplanet Atmosphere,"Spokespersons for the organization stated that NASA's James Webb Space Telescope has captured detailed atmospheric observations of a rocky exoplanet located 40 light-years from Earth. Researchers confirmed the presence of water vapor and carbon dioxide using transmission spectroscopy. The study, published in Nature astronomy journal, represents a major milestone in interstellar astrophysics. Additional research teams are verifying the initial data.",0
Breakthrough Fusion Energy Experiment Achieves Net Energy Gain,Spokespersons for the organization stated that Scientists at Lawrence Livermore National Laboratory repeated a fusion reaction yielding more energy than consumed by the driver lasers. Independent peer review confirmed net energy gain of 3.15 megajoules. Additional research teams are verifying the initial data.,0
Deep Sea Exploration Uncovers Previously Unknown Marine Ecosystems,"Spokespersons for the organization stated that Oceanographers deploying remote underwater vehicles discovered hydrothermal vent ecosystems teeming with novel tubeworms and chemotrophic bacteria at depths exceeding 4,000 meters in the Pacific Ocean. Additional research teams are verifying the initial data.",0
Federal Reserve Holds Interest Rates Steady Amid Inflation Data,Spokespersons for the organization stated that The Federal Reserve announced on Wednesday that benchmark interest rates will remain unchanged. Chairman Powell cited recent CPI data indicating inflation has slowed to 2.4% annually. Financial analysts expect monetary policy to remain data-dependent over the coming quarters. Additional research teams are verifying the initial data.,0
European Central Bank Lowers Benchmark Interest Rates by 25 Basis Points,Spokespersons for the organization stated that The European Central Bank announced a quarter-point rate reduction following declining Eurozone inflation metrics. Financial policymakers confirmed the decision reflects stabilized consumer price indexes across member states. Additional research teams are verifying the initial data.,0
Global Semiconductor Manufacturing Capacity Expands with New Facilities,"Spokespersons for the organization stated that Advanced microchip fabrication facilities opened in Arizona and Dresden today, increasing global semiconductor supply chain resilience for automotive and consumer electronics sectors. Additional research teams are verifying the initial data.",0
World Health Organization Approves Next-Generation Malaria Vaccine,Spokespersons for the organization stated that The World Health Organization has recommended the R21/Matrix-M malaria vaccine for child immunization. Clinical trials conducted across four African nations demonstrated 75% efficacy in reducing symptomatic malaria cases over a 12-month period. Additional research teams are verifying the initial data.,0
Cancer Immunotherapy Trial Shows Promising Long-Term Remission,Spokespersons for the organization stated that Oncology researchers at Johns Hopkins Medicine reported phase II clinical trial results showing a 62% sustained remission rate in patients receiving targeted CAR-T cell therapy for refractory lymphoma. Additional research teams are verifying the initial data.,0
Clinical Trial Validates New Alzheimer's Drug for Early-Stage Patients,Spokespersons for the organization stated that Medical researchers at Harvard Medical School published clinical trial results demonstrating a 30% reduction in cognitive decline among early-stage Alzheimer's patients receiving monoclonal antibody therapy. Additional research teams are verifying the initial data.,0
Global Climate Summit Reaches Accord on Renewable Energy Transition,Spokespersons for the organization stated that Delegates from 195 countries reached a consensus to triple global renewable energy capacity by 2030. The agreement establishes a international fund to support developing nations in phasing out coal power plants. Additional research teams are verifying the initial data.,0
Tech Sector Standardizes AI Ethics and Verification Frameworks,Spokespersons for the organization stated that Leading technology companies and research universities have agreed on a unified verification protocol for synthetic media. The standard incorporates cryptographic watermarks to identify AI-generated audio and video content. Additional research teams are verifying the initial data.,0
Agricultural Robotics System Cuts Pesticide Use by 40 Percent,Spokespersons for the organization stated that Agritech trials across Midwest farms confirmed that precision AI-guided spraying robots reduced chemical pesticide usage by 40% while preserving crop yields. Additional research teams are verifying the initial data.,0
Bipartisan Infrastructure Bill Passes Senate with 68 Votes,"Spokespersons for the organization stated that The United States Senate voted 68-31 to approve a comprehensive infrastructure bill targeting bridges, clean water networks, and high-speed broadband expansion. The legislation now moves to the President's desk for signature. Additional research teams are verifying the initial data.",0
European Union Enacts Comprehensive Data Privacy Regulations,Spokespersons for the organization stated that European Union regulators have implemented updated digital market guidelines requiring platform transparency and algorithmic accountability. Compliance reviews will begin next quarter across all member states. Additional research teams are verifying the initial data.,0
MIRACLE CURE: Common Kitchen Ingredient Destroys All Diseases Overnight!,MUST SEE EXPOSURE! Independent whistleblowers reveal Big Pharma is terrified! Secret medical documents leaked by anonymous insiders prove drinking diluted baking soda with lemon completely cures stage 4 cancer and diabetes within 24 hours! Doctors are banned from speaking about this simple trick. Wake up before it is too late!,1
Celebrity Claims Drinking Raw Secret Elixir Reversed Biological Age by 30 Years!,MUST SEE EXPOSURE! Independent whistleblowers reveal Hollywood superstars are secretly using an unapproved miracle potion harvested from deep sea crystals that reverses DNA aging instantly! Doctors are furious but millions are ordering online before regulators ban it! Wake up before it is too late!,1
Drink This Secret Tea to Lose 50 Pounds in 3 Days Without Exercise!,MUST SEE EXPOSURE! Independent whistleblowers reveal Weight loss industry exposed! A rare ancient Amazonian herb melts belly fat instantly while you sleep. Clinical trials were suppressed by diet food manufacturers to protect billion dollar profits! Wake up before it is too late!,1
Shocking Discovery: Vegetables Contain Secret Toxins Designed to WEAKEN Humans!,MUST SEE EXPOSURE! Independent whistleblowers reveal Health experts warn that common broccoli and spinach were genetically engineered by global authorities to reduce human IQ and cause chronic fatigue. Switch to the all-meat secret diet today! Wake up before it is too late!,1
Secret Secret Government Satellite Emits Frequencies Controlling Weather,MUST SEE EXPOSURE! Independent whistleblowers reveal Whistleblowers reveal secret military satellites beam scalar energy directly into hurricane centers to manipulate global weather patterns and crash stock markets. Government officials refuse to address the classified electromagnetic grid. Wake up before it is too late!,1
5G Towers Confirmed to Transmit Mind Control Signals During Nighttime,MUST SEE EXPOSURE! Independent whistleblowers reveal Independent researchers discovered 5G towers operate on secret frequencies designed to induce compliance and lethargy in urban populations between 2 AM and 5 AM. Share this before it gets taken down! Wake up before it is too late!,1
Billionaire Secretly Replaces City Water Supply with Microchip Fluid,MUST SEE EXPOSURE! Independent whistleblowers reveal Shocking investigative report reveals globalist elites added nanotech tracking liquid into municipal tap water across major cities to monitor citizen movements 24/7. Wake up before it is too late!,1
Government Bans Growing Your Own Food in Backyard Gardens Nationwide!,MUST SEE EXPOSURE! Independent whistleblowers reveal Executive order signed last night makes home gardening illegal under penalty of immediate arrest! Authorities claim backyard vegetables threaten corporate agricultural monopolies. Wake up before it is too late!,1
Alien Spacecraft Uncovered Below Antarctic Ice Sheet by Satellite Imagery,"MUST SEE EXPOSURE! Independent whistleblowers reveal Shocking leaked satellite footage confirms a massive alien mothership buried beneath Antarctic ice for 10,000 years! Military forces have blockaded the continent while secret elites extract alien technology. Wake up before it is too late!",1
Leaked Documents Prove Dinosaurs Still Alive on Remote Undiscovered Island,MUST SEE EXPOSURE! Independent whistleblowers reveal Brave explorers released classified photographs showing living Tyrannosaurus Rex herds roaming an island hidden by government radar cloaking devices in the South Pacific. Wake up before it is too late!,1
"Moon Landing Was Filmed in Underground Studio, Director Confesses on Deathbed",MUST SEE EXPOSURE! Independent whistleblowers reveal A legendary Hollywood director left behind a sealed confession recording proving the 1969 Apollo moon landing was staged on a desert film set using miniature models and wires. Wake up before it is too late!,1
Scientists Discover Time Portal in Bermuda Triangle Teleporting Ships to 1920,MUST SEE EXPOSURE! Independent whistleblowers reveal Renowned physicists confirm that temporal anomalies in the Bermuda Triangle open wormholes into past decades. Ships missing since 1945 were recently spotted docked in 1928 ports! Wake up before it is too late!,1
NASA's James Webb Telescope Discovers Exoplanet Atmosphere (Official Update),"According to official reports published today, NASA's James Webb Space Telescope has captured detailed atmospheric observations of a rocky exoplanet located 40 light-years from Earth. Researchers confirmed the presence of water vapor and carbon dioxide using transmission spectroscopy. The study, published in Nature astronomy journal, represents a major milestone in interstellar astrophysics. Policy experts noted that the findings reflect long-term trends.",0
Breakthrough Fusion Energy Experiment Achieves Net Energy Gain (Official Update),"According to official reports published today, Scientists at Lawrence Livermore National Laboratory repeated a fusion reaction yielding more energy than consumed by the driver lasers. Independent peer review confirmed net energy gain of 3.15 megajoules. Policy experts noted that the findings reflect long-term trends.",0
Deep Sea Exploration Uncovers Previously Unknown Marine Ecosystems (Official Update),"According to official reports published today, Oceanographers deploying remote underwater vehicles discovered hydrothermal vent ecosystems teeming with novel tubeworms and chemotrophic bacteria at depths exceeding 4,000 meters in the Pacific Ocean. Policy experts noted that the findings reflect long-term trends.",0
Federal Reserve Holds Interest Rates Steady Amid Inflation Data (Official Update),"According to official reports published today, The Federal Reserve announced on Wednesday that benchmark interest rates will remain unchanged. Chairman Powell cited recent CPI data indicating inflation has slowed to 2.4% annually. Financial analysts expect monetary policy to remain data-dependent over the coming quarters. Policy experts noted that the findings reflect long-term trends.",0
European Central Bank Lowers Benchmark Interest Rates by 25 Basis Points (Official Update),"According to official reports published today, The European Central Bank announced a quarter-point rate reduction following declining Eurozone inflation metrics. Financial policymakers confirmed the decision reflects stabilized consumer price indexes across member states. Policy experts noted that the findings reflect long-term trends.",0
Global Semiconductor Manufacturing Capacity Expands with New Facilities (Official Update),"According to official reports published today, Advanced microchip fabrication facilities opened in Arizona and Dresden today, increasing global semiconductor supply chain resilience for automotive and consumer electronics sectors. Policy experts noted that the findings reflect long-term trends.",0
World Health Organization Approves Next-Generation Malaria Vaccine (Official Update),"According to official reports published today, The World Health Organization has recommended the R21/Matrix-M malaria vaccine for child immunization. Clinical trials conducted across four African nations demonstrated 75% efficacy in reducing symptomatic malaria cases over a 12-month period. Policy experts noted that the findings reflect long-term trends.",0
Cancer Immunotherapy Trial Shows Promising Long-Term Remission (Official Update),"According to official reports published today, Oncology researchers at Johns Hopkins Medicine reported phase II clinical trial results showing a 62% sustained remission rate in patients receiving targeted CAR-T cell therapy for refractory lymphoma. Policy experts noted that the findings reflect long-term trends.",0
Clinical Trial Validates New Alzheimer's Drug for Early-Stage Patients (Official Update),"According to official reports published today, Medical researchers at Harvard Medical School published clinical trial results demonstrating a 30% reduction in cognitive decline among early-stage Alzheimer's patients receiving monoclonal antibody therapy. Policy experts noted that the findings reflect long-term trends.",0
Global Climate Summit Reaches Accord on Renewable Energy Transition (Official Update),"According to official reports published today, Delegates from 195 countries reached a consensus to triple global renewable energy capacity by 2030. The agreement establishes a international fund to support developing nations in phasing out coal power plants. Policy experts noted that the findings reflect long-term trends.",0
Tech Sector Standardizes AI Ethics and Verification Frameworks (Official Update),"According to official reports published today, Leading technology companies and research universities have agreed on a unified verification protocol for synthetic media. The standard incorporates cryptographic watermarks to identify AI-generated audio and video content. Policy experts noted that the findings reflect long-term trends.",0
Agricultural Robotics System Cuts Pesticide Use by 40 Percent (Official Update),"According to official reports published today, Agritech trials across Midwest farms confirmed that precision AI-guided spraying robots reduced chemical pesticide usage by 40% while preserving crop yields. Policy experts noted that the findings reflect long-term trends.",0
Bipartisan Infrastructure Bill Passes Senate with 68 Votes (Official Update),"According to official reports published today, The United States Senate voted 68-31 to approve a comprehensive infrastructure bill targeting bridges, clean water networks, and high-speed broadband expansion. The legislation now moves to the President's desk for signature. Policy experts noted that the findings reflect long-term trends.",0
European Union Enacts Comprehensive Data Privacy Regulations (Official Update),"According to official reports published today, European Union regulators have implemented updated digital market guidelines requiring platform transparency and algorithmic accountability. Compliance reviews will begin next quarter across all member states. Policy experts noted that the findings reflect long-term trends.",0
SHOCKING: MIRACLE CURE: Common Kitchen Ingredient Destroys All Diseases Overnight!,SHOCKING LEAK! Mainstream media won't show you this: Big Pharma is terrified! Secret medical documents leaked by anonymous insiders prove drinking diluted baking soda with lemon completely cures stage 4 cancer and diabetes within 24 hours! Doctors are banned from speaking about this simple trick. Click here before regulators delete this video!,1
SHOCKING: Celebrity Claims Drinking Raw Secret Elixir Reversed Biological Age by 30 Years!,SHOCKING LEAK! Mainstream media won't show you this: Hollywood superstars are secretly using an unapproved miracle potion harvested from deep sea crystals that reverses DNA aging instantly! Doctors are furious but millions are ordering online before regulators ban it! Click here before regulators delete this video!,1
SHOCKING: Drink This Secret Tea to Lose 50 Pounds in 3 Days Without Exercise!,SHOCKING LEAK! Mainstream media won't show you this: Weight loss industry exposed! A rare ancient Amazonian herb melts belly fat instantly while you sleep. Clinical trials were suppressed by diet food manufacturers to protect billion dollar profits! Click here before regulators delete this video!,1
SHOCKING: Shocking Discovery: Vegetables Contain Secret Toxins Designed to WEAKEN Humans!,SHOCKING LEAK! Mainstream media won't show you this: Health experts warn that common broccoli and spinach were genetically engineered by global authorities to reduce human IQ and cause chronic fatigue. Switch to the all-meat secret diet today! Click here before regulators delete this video!,1
SHOCKING: Secret Secret Government Satellite Emits Frequencies Controlling Weather,SHOCKING LEAK! Mainstream media won't show you this: Whistleblowers reveal secret military satellites beam scalar energy directly into hurricane centers to manipulate global weather patterns and crash stock markets. Government officials refuse to address the classified electromagnetic grid. Click here before regulators delete this video!,1
SHOCKING: 5G Towers Confirmed to Transmit Mind Control Signals During Nighttime,SHOCKING LEAK! Mainstream media won't show you this: Independent researchers discovered 5G towers operate on secret frequencies designed to induce compliance and lethargy in urban populations between 2 AM and 5 AM. Share this before it gets taken down! Click here before regulators delete this video!,1
SHOCKING: Billionaire Secretly Replaces City Water Supply with Microchip Fluid,SHOCKING LEAK! Mainstream media won't show you this: Shocking investigative report reveals globalist elites added nanotech tracking liquid into municipal tap water across major cities to monitor citizen movements 24/7. Click here before regulators delete this video!,1
SHOCKING: Government Bans Growing Your Own Food in Backyard Gardens Nationwide!,SHOCKING LEAK! Mainstream media won't show you this: Executive order signed last night makes home gardening illegal under penalty of immediate arrest! Authorities claim backyard vegetables threaten corporate agricultural monopolies. Click here before regulators delete this video!,1
SHOCKING: Alien Spacecraft Uncovered Below Antarctic Ice Sheet by Satellite Imagery,"SHOCKING LEAK! Mainstream media won't show you this: Shocking leaked satellite footage confirms a massive alien mothership buried beneath Antarctic ice for 10,000 years! Military forces have blockaded the continent while secret elites extract alien technology. Click here before regulators delete this video!",1
SHOCKING: Leaked Documents Prove Dinosaurs Still Alive on Remote Undiscovered Island,SHOCKING LEAK! Mainstream media won't show you this: Brave explorers released classified photographs showing living Tyrannosaurus Rex herds roaming an island hidden by government radar cloaking devices in the South Pacific. Click here before regulators delete this video!,1
"SHOCKING: Moon Landing Was Filmed in Underground Studio, Director Confesses on Deathbed",SHOCKING LEAK! Mainstream media won't show you this: A legendary Hollywood director left behind a sealed confession recording proving the 1969 Apollo moon landing was staged on a desert film set using miniature models and wires. Click here before regulators delete this video!,1
SHOCKING: Scientists Discover Time Portal in Bermuda Triangle Teleporting Ships to 1920,SHOCKING LEAK! Mainstream media won't show you this: Renowned physicists confirm that temporal anomalies in the Bermuda Triangle open wormholes into past decades. Ships missing since 1945 were recently spotted docked in 1928 ports! Click here before regulators delete this video!,1
NASA's James Webb Telescope Discovers Exoplanet Atmosphere,"A formal study conducted by leading researchers revealed that NASA's James Webb Space Telescope has captured detailed atmospheric observations of a rocky exoplanet located 40 light-years from Earth. Researchers confirmed the presence of water vapor and carbon dioxide using transmission spectroscopy. The study, published in Nature astronomy journal, represents a major milestone in interstellar astrophysics. Further peer-reviewed evidence will be released next month.",0
Breakthrough Fusion Energy Experiment Achieves Net Energy Gain,A formal study conducted by leading researchers revealed that Scientists at Lawrence Livermore National Laboratory repeated a fusion reaction yielding more energy than consumed by the driver lasers. Independent peer review confirmed net energy gain of 3.15 megajoules. Further peer-reviewed evidence will be released next month.,0
Deep Sea Exploration Uncovers Previously Unknown Marine Ecosystems,"A formal study conducted by leading researchers revealed that Oceanographers deploying remote underwater vehicles discovered hydrothermal vent ecosystems teeming with novel tubeworms and chemotrophic bacteria at depths exceeding 4,000 meters in the Pacific Ocean. Further peer-reviewed evidence will be released next month.",0
Federal Reserve Holds Interest Rates Steady Amid Inflation Data,A formal study conducted by leading researchers revealed that The Federal Reserve announced on Wednesday that benchmark interest rates will remain unchanged. Chairman Powell cited recent CPI data indicating inflation has slowed to 2.4% annually. Financial analysts expect monetary policy to remain data-dependent over the coming quarters. Further peer-reviewed evidence will be released next month.,0
European Central Bank Lowers Benchmark Interest Rates by 25 Basis Points,A formal study conducted by leading researchers revealed that The European Central Bank announced a quarter-point rate reduction following declining Eurozone inflation metrics. Financial policymakers confirmed the decision reflects stabilized consumer price indexes across member states. Further peer-reviewed evidence will be released next month.,0
Global Semiconductor Manufacturing Capacity Expands with New Facilities,"A formal study conducted by leading researchers revealed that Advanced microchip fabrication facilities opened in Arizona and Dresden today, increasing global semiconductor supply chain resilience for automotive and consumer electronics sectors. Further peer-reviewed evidence will be released next month.",0
World Health Organization Approves Next-Generation Malaria Vaccine,A formal study conducted by leading researchers revealed that The World Health Organization has recommended the R21/Matrix-M malaria vaccine for child immunization. Clinical trials conducted across four African nations demonstrated 75% efficacy in reducing symptomatic malaria cases over a 12-month period. Further peer-reviewed evidence will be released next month.,0
Cancer Immunotherapy Trial Shows Promising Long-Term Remission,A formal study conducted by leading researchers revealed that Oncology researchers at Johns Hopkins Medicine reported phase II clinical trial results showing a 62% sustained remission rate in patients receiving targeted CAR-T cell therapy for refractory lymphoma. Further peer-reviewed evidence will be released next month.,0
Clinical Trial Validates New Alzheimer's Drug for Early-Stage Patients,A formal study conducted by leading researchers revealed that Medical researchers at Harvard Medical School published clinical trial results demonstrating a 30% reduction in cognitive decline among early-stage Alzheimer's patients receiving monoclonal antibody therapy. Further peer-reviewed evidence will be released next month.,0
Global Climate Summit Reaches Accord on Renewable Energy Transition,A formal study conducted by leading researchers revealed that Delegates from 195 countries reached a consensus to triple global renewable energy capacity by 2030. The agreement establishes a international fund to support developing nations in phasing out coal power plants. Further peer-reviewed evidence will be released next month.,0
Tech Sector Standardizes AI Ethics and Verification Frameworks,A formal study conducted by leading researchers revealed that Leading technology companies and research universities have agreed on a unified verification protocol for synthetic media. The standard incorporates cryptographic watermarks to identify AI-generated audio and video content. Further peer-reviewed evidence will be released next month.,0
Agricultural Robotics System Cuts Pesticide Use by 40 Percent,A formal study conducted by leading researchers revealed that Agritech trials across Midwest farms confirmed that precision AI-guided spraying robots reduced chemical pesticide usage by 40% while preserving crop yields. Further peer-reviewed evidence will be released next month.,0
Bipartisan Infrastructure Bill Passes Senate with 68 Votes,"A formal study conducted by leading researchers revealed that The United States Senate voted 68-31 to approve a comprehensive infrastructure bill targeting bridges, clean water networks, and high-speed broadband expansion. The legislation now moves to the President's desk for signature. Further peer-reviewed evidence will be released next month.",0
European Union Enacts Comprehensive Data Privacy Regulations,A formal study conducted by leading researchers revealed that European Union regulators have implemented updated digital market guidelines requiring platform transparency and algorithmic accountability. Compliance reviews will begin next quarter across all member states. Further peer-reviewed evidence will be released next month.,0
MIRACLE CURE: Common Kitchen Ingredient Destroys All Diseases Overnight!,UNBELIEVABLE TRUTH REVEALED! Insiders expose that Big Pharma is terrified! Secret medical documents leaked by anonymous insiders prove drinking diluted baking soda with lemon completely cures stage 4 cancer and diabetes within 24 hours! Doctors are banned from speaking about this simple trick. Share this secret message with everyone you know immediately!,1
Celebrity Claims Drinking Raw Secret Elixir Reversed Biological Age by 30 Years!,UNBELIEVABLE TRUTH REVEALED! Insiders expose that Hollywood superstars are secretly using an unapproved miracle potion harvested from deep sea crystals that reverses DNA aging instantly! Doctors are furious but millions are ordering online before regulators ban it! Share this secret message with everyone you know immediately!,1
Drink This Secret Tea to Lose 50 Pounds in 3 Days Without Exercise!,UNBELIEVABLE TRUTH REVEALED! Insiders expose that Weight loss industry exposed! A rare ancient Amazonian herb melts belly fat instantly while you sleep. Clinical trials were suppressed by diet food manufacturers to protect billion dollar profits! Share this secret message with everyone you know immediately!,1
Shocking Discovery: Vegetables Contain Secret Toxins Designed to WEAKEN Humans!,UNBELIEVABLE TRUTH REVEALED! Insiders expose that Health experts warn that common broccoli and spinach were genetically engineered by global authorities to reduce human IQ and cause chronic fatigue. Switch to the all-meat secret diet today! Share this secret message with everyone you know immediately!,1
Secret Secret Government Satellite Emits Frequencies Controlling Weather,UNBELIEVABLE TRUTH REVEALED! Insiders expose that Whistleblowers reveal secret military satellites beam scalar energy directly into hurricane centers to manipulate global weather patterns and crash stock markets. Government officials refuse to address the classified electromagnetic grid. Share this secret message with everyone you know immediately!,1
5G Towers Confirmed to Transmit Mind Control Signals During Nighttime,UNBELIEVABLE TRUTH REVEALED! Insiders expose that Independent researchers discovered 5G towers operate on secret frequencies designed to induce compliance and lethargy in urban populations between 2 AM and 5 AM. Share this before it gets taken down! Share this secret message with everyone you know immediately!,1
Billionaire Secretly Replaces City Water Supply with Microchip Fluid,UNBELIEVABLE TRUTH REVEALED! Insiders expose that Shocking investigative report reveals globalist elites added nanotech tracking liquid into municipal tap water across major cities to monitor citizen movements 24/7. Share this secret message with everyone you know immediately!,1
Government Bans Growing Your Own Food in Backyard Gardens Nationwide!,UNBELIEVABLE TRUTH REVEALED! Insiders expose that Executive order signed last night makes home gardening illegal under penalty of immediate arrest! Authorities claim backyard vegetables threaten corporate agricultural monopolies. Share this secret message with everyone you know immediately!,1
Alien Spacecraft Uncovered Below Antarctic Ice Sheet by Satellite Imagery,"UNBELIEVABLE TRUTH REVEALED! Insiders expose that Shocking leaked satellite footage confirms a massive alien mothership buried beneath Antarctic ice for 10,000 years! Military forces have blockaded the continent while secret elites extract alien technology. Share this secret message with everyone you know immediately!",1
Leaked Documents Prove Dinosaurs Still Alive on Remote Undiscovered Island,UNBELIEVABLE TRUTH REVEALED! Insiders expose that Brave explorers released classified photographs showing living Tyrannosaurus Rex herds roaming an island hidden by government radar cloaking devices in the South Pacific. Share this secret message with everyone you know immediately!,1
"Moon Landing Was Filmed in Underground Studio, Director Confesses on Deathbed",UNBELIEVABLE TRUTH REVEALED! Insiders expose that A legendary Hollywood director left behind a sealed confession recording proving the 1969 Apollo moon landing was staged on a desert film set using miniature models and wires. Share this secret message with everyone you know immediately!,1
Scientists Discover Time Portal in Bermuda Triangle Teleporting Ships to 1920,UNBELIEVABLE TRUTH REVEALED! Insiders expose that Renowned physicists confirm that temporal anomalies in the Bermuda Triangle open wormholes into past decades. Ships missing since 1945 were recently spotted docked in 1928 ports! Share this secret message with everyone you know immediately!,1
NASA's James Webb Telescope Discovers Exoplanet Atmosphere,"Official representatives confirmed in a press conference that NASA's James Webb Space Telescope has captured detailed atmospheric observations of a rocky exoplanet located 40 light-years from Earth. Researchers confirmed the presence of water vapor and carbon dioxide using transmission spectroscopy. The study, published in Nature astronomy journal, represents a major milestone in interstellar astrophysics. Market reactions remained stable following the statement.",0
Breakthrough Fusion Energy Experiment Achieves Net Energy Gain,Official representatives confirmed in a press conference that Scientists at Lawrence Livermore National Laboratory repeated a fusion reaction yielding more energy than consumed by the driver lasers. Independent peer review confirmed net energy gain of 3.15 megajoules. Market reactions remained stable following the statement.,0
Deep Sea Exploration Uncovers Previously Unknown Marine Ecosystems,"Official representatives confirmed in a press conference that Oceanographers deploying remote underwater vehicles discovered hydrothermal vent ecosystems teeming with novel tubeworms and chemotrophic bacteria at depths exceeding 4,000 meters in the Pacific Ocean. Market reactions remained stable following the statement.",0
Federal Reserve Holds Interest Rates Steady Amid Inflation Data,Official representatives confirmed in a press conference that The Federal Reserve announced on Wednesday that benchmark interest rates will remain unchanged. Chairman Powell cited recent CPI data indicating inflation has slowed to 2.4% annually. Financial analysts expect monetary policy to remain data-dependent over the coming quarters. Market reactions remained stable following the statement.,0
European Central Bank Lowers Benchmark Interest Rates by 25 Basis Points,Official representatives confirmed in a press conference that The European Central Bank announced a quarter-point rate reduction following declining Eurozone inflation metrics. Financial policymakers confirmed the decision reflects stabilized consumer price indexes across member states. Market reactions remained stable following the statement.,0
Global Semiconductor Manufacturing Capacity Expands with New Facilities,"Official representatives confirmed in a press conference that Advanced microchip fabrication facilities opened in Arizona and Dresden today, increasing global semiconductor supply chain resilience for automotive and consumer electronics sectors. Market reactions remained stable following the statement.",0
World Health Organization Approves Next-Generation Malaria Vaccine,Official representatives confirmed in a press conference that The World Health Organization has recommended the R21/Matrix-M malaria vaccine for child immunization. Clinical trials conducted across four African nations demonstrated 75% efficacy in reducing symptomatic malaria cases over a 12-month period. Market reactions remained stable following the statement.,0
Cancer Immunotherapy Trial Shows Promising Long-Term Remission,Official representatives confirmed in a press conference that Oncology researchers at Johns Hopkins Medicine reported phase II clinical trial results showing a 62% sustained remission rate in patients receiving targeted CAR-T cell therapy for refractory lymphoma. Market reactions remained stable following the statement.,0
Clinical Trial Validates New Alzheimer's Drug for Early-Stage Patients,Official representatives confirmed in a press conference that Medical researchers at Harvard Medical School published clinical trial results demonstrating a 30% reduction in cognitive decline among early-stage Alzheimer's patients receiving monoclonal antibody therapy. Market reactions remained stable following the statement.,0
Global Climate Summit Reaches Accord on Renewable Energy Transition,Official representatives confirmed in a press conference that Delegates from 195 countries reached a consensus to triple global renewable energy capacity by 2030. The agreement establishes a international fund to support developing nations in phasing out coal power plants. Market reactions remained stable following the statement.,0
Tech Sector Standardizes AI Ethics and Verification Frameworks,Official representatives confirmed in a press conference that Leading technology companies and research universities have agreed on a unified verification protocol for synthetic media. The standard incorporates cryptographic watermarks to identify AI-generated audio and video content. Market reactions remained stable following the statement.,0
Agricultural Robotics System Cuts Pesticide Use by 40 Percent,Official representatives confirmed in a press conference that Agritech trials across Midwest farms confirmed that precision AI-guided spraying robots reduced chemical pesticide usage by 40% while preserving crop yields. Market reactions remained stable following the statement.,0
Bipartisan Infrastructure Bill Passes Senate with 68 Votes,"Official representatives confirmed in a press conference that The United States Senate voted 68-31 to approve a comprehensive infrastructure bill targeting bridges, clean water networks, and high-speed broadband expansion. The legislation now moves to the President's desk for signature. Market reactions remained stable following the statement.",0
European Union Enacts Comprehensive Data Privacy Regulations,Official representatives confirmed in a press conference that European Union regulators have implemented updated digital market guidelines requiring platform transparency and algorithmic accountability. Compliance reviews will begin next quarter across all member states. Market reactions remained stable following the statement.,0
SHOCKING: MIRACLE CURE: Common Kitchen Ingredient Destroys All Diseases Overnight!,THEY ARE LYING TO YOU! What doctors and government officials don't want you to know: Big Pharma is terrified! Secret medical documents leaked by anonymous insiders prove drinking diluted baking soda with lemon completely cures stage 4 cancer and diabetes within 24 hours! Doctors are banned from speaking about this simple trick. Miracle solution exposed!,1
SHOCKING: Celebrity Claims Drinking Raw Secret Elixir Reversed Biological Age by 30 Years!,THEY ARE LYING TO YOU! What doctors and government officials don't want you to know: Hollywood superstars are secretly using an unapproved miracle potion harvested from deep sea crystals that reverses DNA aging instantly! Doctors are furious but millions are ordering online before regulators ban it! Miracle solution exposed!,1
SHOCKING: Drink This Secret Tea to Lose 50 Pounds in 3 Days Without Exercise!,THEY ARE LYING TO YOU! What doctors and government officials don't want you to know: Weight loss industry exposed! A rare ancient Amazonian herb melts belly fat instantly while you sleep. Clinical trials were suppressed by diet food manufacturers to protect billion dollar profits! Miracle solution exposed!,1
SHOCKING: Shocking Discovery: Vegetables Contain Secret Toxins Designed to WEAKEN Humans!,THEY ARE LYING TO YOU! What doctors and government officials don't want you to know: Health experts warn that common broccoli and spinach were genetically engineered by global authorities to reduce human IQ and cause chronic fatigue. Switch to the all-meat secret diet today! Miracle solution exposed!,1
SHOCKING: Secret Secret Government Satellite Emits Frequencies Controlling Weather,THEY ARE LYING TO YOU! What doctors and government officials don't want you to know: Whistleblowers reveal secret military satellites beam scalar energy directly into hurricane centers to manipulate global weather patterns and crash stock markets. Government officials refuse to address the classified electromagnetic grid. Miracle solution exposed!,1
SHOCKING: 5G Towers Confirmed to Transmit Mind Control Signals During Nighttime,THEY ARE LYING TO YOU! What doctors and government officials don't want you to know: Independent researchers discovered 5G towers operate on secret frequencies designed to induce compliance and lethargy in urban populations between 2 AM and 5 AM. Share this before it gets taken down! Miracle solution exposed!,1
SHOCKING: Billionaire Secretly Replaces City Water Supply with Microchip Fluid,THEY ARE LYING TO YOU! What doctors and government officials don't want you to know: Shocking investigative report reveals globalist elites added nanotech tracking liquid into municipal tap water across major cities to monitor citizen movements 24/7. Miracle solution exposed!,1
SHOCKING: Government Bans Growing Your Own Food in Backyard Gardens Nationwide!,THEY ARE LYING TO YOU! What doctors and government officials don't want you to know: Executive order signed last night makes home gardening illegal under penalty of immediate arrest! Authorities claim backyard vegetables threaten corporate agricultural monopolies. Miracle solution exposed!,1
SHOCKING: Alien Spacecraft Uncovered Below Antarctic Ice Sheet by Satellite Imagery,"THEY ARE LYING TO YOU! What doctors and government officials don't want you to know: Shocking leaked satellite footage confirms a massive alien mothership buried beneath Antarctic ice for 10,000 years! Military forces have blockaded the continent while secret elites extract alien technology. Miracle solution exposed!",1
SHOCKING: Leaked Documents Prove Dinosaurs Still Alive on Remote Undiscovered Island,THEY ARE LYING TO YOU! What doctors and government officials don't want you to know: Brave explorers released classified photographs showing living Tyrannosaurus Rex herds roaming an island hidden by government radar cloaking devices in the South Pacific. Miracle solution exposed!,1
"SHOCKING: Moon Landing Was Filmed in Underground Studio, Director Confesses on Deathbed",THEY ARE LYING TO YOU! What doctors and government officials don't want you to know: A legendary Hollywood director left behind a sealed confession recording proving the 1969 Apollo moon landing was staged on a desert film set using miniature models and wires. Miracle solution exposed!,1
SHOCKING: Scientists Discover Time Portal in Bermuda Triangle Teleporting Ships to 1920,THEY ARE LYING TO YOU! What doctors and government officials don't want you to know: Renowned physicists confirm that temporal anomalies in the Bermuda Triangle open wormholes into past decades. Ships missing since 1945 were recently spotted docked in 1928 ports! Miracle solution exposed!,1
NASA's James Webb Telescope Discovers Exoplanet Atmosphere (Official Update),"In a peer-reviewed publication, scientists demonstrated that NASA's James Webb Space Telescope has captured detailed atmospheric observations of a rocky exoplanet located 40 light-years from Earth. Researchers confirmed the presence of water vapor and carbon dioxide using transmission spectroscopy. The study, published in Nature astronomy journal, represents a major milestone in interstellar astrophysics. The methodology was validated across multiple independent trials.",0
Breakthrough Fusion Energy Experiment Achieves Net Energy Gain (Official Update),"In a peer-reviewed publication, scientists demonstrated that Scientists at Lawrence Livermore National Laboratory repeated a fusion reaction yielding more energy than consumed by the driver lasers. Independent peer review confirmed net energy gain of 3.15 megajoules. The methodology was validated across multiple independent trials.",0
Deep Sea Exploration Uncovers Previously Unknown Marine Ecosystems (Official Update),"In a peer-reviewed publication, scientists demonstrated that Oceanographers deploying remote underwater vehicles discovered hydrothermal vent ecosystems teeming with novel tubeworms and chemotrophic bacteria at depths exceeding 4,000 meters in the Pacific Ocean. The methodology was validated across multiple independent trials.",0
Federal Reserve Holds Interest Rates Steady Amid Inflation Data (Official Update),"In a peer-reviewed publication, scientists demonstrated that The Federal Reserve announced on Wednesday that benchmark interest rates will remain unchanged. Chairman Powell cited recent CPI data indicating inflation has slowed to 2.4% annually. Financial analysts expect monetary policy to remain data-dependent over the coming quarters. The methodology was validated across multiple independent trials.",0
European Central Bank Lowers Benchmark Interest Rates by 25 Basis Points (Official Update),"In a peer-reviewed publication, scientists demonstrated that The European Central Bank announced a quarter-point rate reduction following declining Eurozone inflation metrics. Financial policymakers confirmed the decision reflects stabilized consumer price indexes across member states. The methodology was validated across multiple independent trials.",0
Global Semiconductor Manufacturing Capacity Expands with New Facilities (Official Update),"In a peer-reviewed publication, scientists demonstrated that Advanced microchip fabrication facilities opened in Arizona and Dresden today, increasing global semiconductor supply chain resilience for automotive and consumer electronics sectors. The methodology was validated across multiple independent trials.",0
World Health Organization Approves Next-Generation Malaria Vaccine (Official Update),"In a peer-reviewed publication, scientists demonstrated that The World Health Organization has recommended the R21/Matrix-M malaria vaccine for child immunization. Clinical trials conducted across four African nations demonstrated 75% efficacy in reducing symptomatic malaria cases over a 12-month period. The methodology was validated across multiple independent trials.",0
Cancer Immunotherapy Trial Shows Promising Long-Term Remission (Official Update),"In a peer-reviewed publication, scientists demonstrated that Oncology researchers at Johns Hopkins Medicine reported phase II clinical trial results showing a 62% sustained remission rate in patients receiving targeted CAR-T cell therapy for refractory lymphoma. The methodology was validated across multiple independent trials.",0
Clinical Trial Validates New Alzheimer's Drug for Early-Stage Patients (Official Update),"In a peer-reviewed publication, scientists demonstrated that Medical researchers at Harvard Medical School published clinical trial results demonstrating a 30% reduction in cognitive decline among early-stage Alzheimer's patients receiving monoclonal antibody therapy. The methodology was validated across multiple independent trials.",0
Global Climate Summit Reaches Accord on Renewable Energy Transition (Official Update),"In a peer-reviewed publication, scientists demonstrated that Delegates from 195 countries reached a consensus to triple global renewable energy capacity by 2030. The agreement establishes a international fund to support developing nations in phasing out coal power plants. The methodology was validated across multiple independent trials.",0
Tech Sector Standardizes AI Ethics and Verification Frameworks (Official Update),"In a peer-reviewed publication, scientists demonstrated that Leading technology companies and research universities have agreed on a unified verification protocol for synthetic media. The standard incorporates cryptographic watermarks to identify AI-generated audio and video content. The methodology was validated across multiple independent trials.",0
Agricultural Robotics System Cuts Pesticide Use by 40 Percent (Official Update),"In a peer-reviewed publication, scientists demonstrated that Agritech trials across Midwest farms confirmed that precision AI-guided spraying robots reduced chemical pesticide usage by 40% while preserving crop yields. The methodology was validated across multiple independent trials.",0
Bipartisan Infrastructure Bill Passes Senate with 68 Votes (Official Update),"In a peer-reviewed publication, scientists demonstrated that The United States Senate voted 68-31 to approve a comprehensive infrastructure bill targeting bridges, clean water networks, and high-speed broadband expansion. The legislation now moves to the President's desk for signature. The methodology was validated across multiple independent trials.",0
European Union Enacts Comprehensive Data Privacy Regulations (Official Update),"In a peer-reviewed publication, scientists demonstrated that European Union regulators have implemented updated digital market guidelines requiring platform transparency and algorithmic accountability. Compliance reviews will begin next quarter across all member states. The methodology was validated across multiple independent trials.",0
MIRACLE CURE: Common Kitchen Ingredient Destroys All Diseases Overnight!,CLASSIFIED EVIDENCE EXPOSED! Anonymous sources confirm Big Pharma is terrified! Secret medical documents leaked by anonymous insiders prove drinking diluted baking soda with lemon completely cures stage 4 cancer and diabetes within 24 hours! Doctors are banned from speaking about this simple trick. Big Pharma and corrupt elites are terrified!,1
Celebrity Claims Drinking Raw Secret Elixir Reversed Biological Age by 30 Years!,CLASSIFIED EVIDENCE EXPOSED! Anonymous sources confirm Hollywood superstars are secretly using an unapproved miracle potion harvested from deep sea crystals that reverses DNA aging instantly! Doctors are furious but millions are ordering online before regulators ban it! Big Pharma and corrupt elites are terrified!,1
Drink This Secret Tea to Lose 50 Pounds in 3 Days Without Exercise!,CLASSIFIED EVIDENCE EXPOSED! Anonymous sources confirm Weight loss industry exposed! A rare ancient Amazonian herb melts belly fat instantly while you sleep. Clinical trials were suppressed by diet food manufacturers to protect billion dollar profits! Big Pharma and corrupt elites are terrified!,1
Shocking Discovery: Vegetables Contain Secret Toxins Designed to WEAKEN Humans!,CLASSIFIED EVIDENCE EXPOSED! Anonymous sources confirm Health experts warn that common broccoli and spinach were genetically engineered by global authorities to reduce human IQ and cause chronic fatigue. Switch to the all-meat secret diet today! Big Pharma and corrupt elites are terrified!,1
Secret Secret Government Satellite Emits Frequencies Controlling Weather,CLASSIFIED EVIDENCE EXPOSED! Anonymous sources confirm Whistleblowers reveal secret military satellites beam scalar energy directly into hurricane centers to manipulate global weather patterns and crash stock markets. Government officials refuse to address the classified electromagnetic grid. Big Pharma and corrupt elites are terrified!,1
5G Towers Confirmed to Transmit Mind Control Signals During Nighttime,CLASSIFIED EVIDENCE EXPOSED! Anonymous sources confirm Independent researchers discovered 5G towers operate on secret frequencies designed to induce compliance and lethargy in urban populations between 2 AM and 5 AM. Share this before it gets taken down! Big Pharma and corrupt elites are terrified!,1
Billionaire Secretly Replaces City Water Supply with Microchip Fluid,CLASSIFIED EVIDENCE EXPOSED! Anonymous sources confirm Shocking investigative report reveals globalist elites added nanotech tracking liquid into municipal tap water across major cities to monitor citizen movements 24/7. Big Pharma and corrupt elites are terrified!,1
Government Bans Growing Your Own Food in Backyard Gardens Nationwide!,CLASSIFIED EVIDENCE EXPOSED! Anonymous sources confirm Executive order signed last night makes home gardening illegal under penalty of immediate arrest! Authorities claim backyard vegetables threaten corporate agricultural monopolies. Big Pharma and corrupt elites are terrified!,1
Alien Spacecraft Uncovered Below Antarctic Ice Sheet by Satellite Imagery,"CLASSIFIED EVIDENCE EXPOSED! Anonymous sources confirm Shocking leaked satellite footage confirms a massive alien mothership buried beneath Antarctic ice for 10,000 years! Military forces have blockaded the continent while secret elites extract alien technology. Big Pharma and corrupt elites are terrified!",1
Leaked Documents Prove Dinosaurs Still Alive on Remote Undiscovered Island,CLASSIFIED EVIDENCE EXPOSED! Anonymous sources confirm Brave explorers released classified photographs showing living Tyrannosaurus Rex herds roaming an island hidden by government radar cloaking devices in the South Pacific. Big Pharma and corrupt elites are terrified!,1
"Moon Landing Was Filmed in Underground Studio, Director Confesses on Deathbed",CLASSIFIED EVIDENCE EXPOSED! Anonymous sources confirm A legendary Hollywood director left behind a sealed confession recording proving the 1969 Apollo moon landing was staged on a desert film set using miniature models and wires. Big Pharma and corrupt elites are terrified!,1
Scientists Discover Time Portal in Bermuda Triangle Teleporting Ships to 1920,CLASSIFIED EVIDENCE EXPOSED! Anonymous sources confirm Renowned physicists confirm that temporal anomalies in the Bermuda Triangle open wormholes into past decades. Ships missing since 1945 were recently spotted docked in 1928 ports! Big Pharma and corrupt elites are terrified!,1
NASA's James Webb Telescope Discovers Exoplanet Atmosphere,"Data released by international regulators highlights that NASA's James Webb Space Telescope has captured detailed atmospheric observations of a rocky exoplanet located 40 light-years from Earth. Researchers confirmed the presence of water vapor and carbon dioxide using transmission spectroscopy. The study, published in Nature astronomy journal, represents a major milestone in interstellar astrophysics. Compliance frameworks are scheduled to take effect next year.",0
Breakthrough Fusion Energy Experiment Achieves Net Energy Gain,Data released by international regulators highlights that Scientists at Lawrence Livermore National Laboratory repeated a fusion reaction yielding more energy than consumed by the driver lasers. Independent peer review confirmed net energy gain of 3.15 megajoules. Compliance frameworks are scheduled to take effect next year.,0
Deep Sea Exploration Uncovers Previously Unknown Marine Ecosystems,"Data released by international regulators highlights that Oceanographers deploying remote underwater vehicles discovered hydrothermal vent ecosystems teeming with novel tubeworms and chemotrophic bacteria at depths exceeding 4,000 meters in the Pacific Ocean. Compliance frameworks are scheduled to take effect next year.",0
Federal Reserve Holds Interest Rates Steady Amid Inflation Data,Data released by international regulators highlights that The Federal Reserve announced on Wednesday that benchmark interest rates will remain unchanged. Chairman Powell cited recent CPI data indicating inflation has slowed to 2.4% annually. Financial analysts expect monetary policy to remain data-dependent over the coming quarters. Compliance frameworks are scheduled to take effect next year.,0
European Central Bank Lowers Benchmark Interest Rates by 25 Basis Points,Data released by international regulators highlights that The European Central Bank announced a quarter-point rate reduction following declining Eurozone inflation metrics. Financial policymakers confirmed the decision reflects stabilized consumer price indexes across member states. Compliance frameworks are scheduled to take effect next year.,0
Global Semiconductor Manufacturing Capacity Expands with New Facilities,"Data released by international regulators highlights that Advanced microchip fabrication facilities opened in Arizona and Dresden today, increasing global semiconductor supply chain resilience for automotive and consumer electronics sectors. Compliance frameworks are scheduled to take effect next year.",0
World Health Organization Approves Next-Generation Malaria Vaccine,Data released by international regulators highlights that The World Health Organization has recommended the R21/Matrix-M malaria vaccine for child immunization. Clinical trials conducted across four African nations demonstrated 75% efficacy in reducing symptomatic malaria cases over a 12-month period. Compliance frameworks are scheduled to take effect next year.,0
Cancer Immunotherapy Trial Shows Promising Long-Term Remission,Data released by international regulators highlights that Oncology researchers at Johns Hopkins Medicine reported phase II clinical trial results showing a 62% sustained remission rate in patients receiving targeted CAR-T cell therapy for refractory lymphoma. Compliance frameworks are scheduled to take effect next year.,0
Clinical Trial Validates New Alzheimer's Drug for Early-Stage Patients,Data released by international regulators highlights that Medical researchers at Harvard Medical School published clinical trial results demonstrating a 30% reduction in cognitive decline among early-stage Alzheimer's patients receiving monoclonal antibody therapy. Compliance frameworks are scheduled to take effect next year.,0
Global Climate Summit Reaches Accord on Renewable Energy Transition,Data released by international regulators highlights that Delegates from 195 countries reached a consensus to triple global renewable energy capacity by 2030. The agreement establishes a international fund to support developing nations in phasing out coal power plants. Compliance frameworks are scheduled to take effect next year.,0
Tech Sector Standardizes AI Ethics and Verification Frameworks,Data released by international regulators highlights that Leading technology companies and research universities have agreed on a unified verification protocol for synthetic media. The standard incorporates cryptographic watermarks to identify AI-generated audio and video content. Compliance frameworks are scheduled to take effect next year.,0
Agricultural Robotics System Cuts Pesticide Use by 40 Percent,Data released by international regulators highlights that Agritech trials across Midwest farms confirmed that precision AI-guided spraying robots reduced chemical pesticide usage by 40% while preserving crop yields. Compliance frameworks are scheduled to take effect next year.,0
Bipartisan Infrastructure Bill Passes Senate with 68 Votes,"Data released by international regulators highlights that The United States Senate voted 68-31 to approve a comprehensive infrastructure bill targeting bridges, clean water networks, and high-speed broadband expansion. The legislation now moves to the President's desk for signature. Compliance frameworks are scheduled to take effect next year.",0
European Union Enacts Comprehensive Data Privacy Regulations,Data released by international regulators highlights that European Union regulators have implemented updated digital market guidelines requiring platform transparency and algorithmic accountability. Compliance reviews will begin next quarter across all member states. Compliance frameworks are scheduled to take effect next year.,0
SHOCKING: MIRACLE CURE: Common Kitchen Ingredient Destroys All Diseases Overnight!,DONT BE FOOLED! Secret documents confirm Big Pharma is terrified! Secret medical documents leaked by anonymous insiders prove drinking diluted baking soda with lemon completely cures stage 4 cancer and diabetes within 24 hours! Doctors are banned from speaking about this simple trick. Act now before it is banned forever!,1
SHOCKING: Celebrity Claims Drinking Raw Secret Elixir Reversed Biological Age by 30 Years!,DONT BE FOOLED! Secret documents confirm Hollywood superstars are secretly using an unapproved miracle potion harvested from deep sea crystals that reverses DNA aging instantly! Doctors are furious but millions are ordering online before regulators ban it! Act now before it is banned forever!,1
SHOCKING: Drink This Secret Tea to Lose 50 Pounds in 3 Days Without Exercise!,DONT BE FOOLED! Secret documents confirm Weight loss industry exposed! A rare ancient Amazonian herb melts belly fat instantly while you sleep. Clinical trials were suppressed by diet food manufacturers to protect billion dollar profits! Act now before it is banned forever!,1
SHOCKING: Shocking Discovery: Vegetables Contain Secret Toxins Designed to WEAKEN Humans!,DONT BE FOOLED! Secret documents confirm Health experts warn that common broccoli and spinach were genetically engineered by global authorities to reduce human IQ and cause chronic fatigue. Switch to the all-meat secret diet today! Act now before it is banned forever!,1
SHOCKING: Secret Secret Government Satellite Emits Frequencies Controlling Weather,DONT BE FOOLED! Secret documents confirm Whistleblowers reveal secret military satellites beam scalar energy directly into hurricane centers to manipulate global weather patterns and crash stock markets. Government officials refuse to address the classified electromagnetic grid. Act now before it is banned forever!,1
SHOCKING: 5G Towers Confirmed to Transmit Mind Control Signals During Nighttime,DONT BE FOOLED! Secret documents confirm Independent researchers discovered 5G towers operate on secret frequencies designed to induce compliance and lethargy in urban populations between 2 AM and 5 AM. Share this before it gets taken down! Act now before it is banned forever!,1
SHOCKING: Billionaire Secretly Replaces City Water Supply with Microchip Fluid,DONT BE FOOLED! Secret documents confirm Shocking investigative report reveals globalist elites added nanotech tracking liquid into municipal tap water across major cities to monitor citizen movements 24/7. Act now before it is banned forever!,1
SHOCKING: Government Bans Growing Your Own Food in Backyard Gardens Nationwide!,DONT BE FOOLED! Secret documents confirm Executive order signed last night makes home gardening illegal under penalty of immediate arrest! Authorities claim backyard vegetables threaten corporate agricultural monopolies. Act now before it is banned forever!,1
SHOCKING: Alien Spacecraft Uncovered Below Antarctic Ice Sheet by Satellite Imagery,"DONT BE FOOLED! Secret documents confirm Shocking leaked satellite footage confirms a massive alien mothership buried beneath Antarctic ice for 10,000 years! Military forces have blockaded the continent while secret elites extract alien technology. Act now before it is banned forever!",1
SHOCKING: Leaked Documents Prove Dinosaurs Still Alive on Remote Undiscovered Island,DONT BE FOOLED! Secret documents confirm Brave explorers released classified photographs showing living Tyrannosaurus Rex herds roaming an island hidden by government radar cloaking devices in the South Pacific. Act now before it is banned forever!,1
"SHOCKING: Moon Landing Was Filmed in Underground Studio, Director Confesses on Deathbed",DONT BE FOOLED! Secret documents confirm A legendary Hollywood director left behind a sealed confession recording proving the 1969 Apollo moon landing was staged on a desert film set using miniature models and wires. Act now before it is banned forever!,1
SHOCKING: Scientists Discover Time Portal in Bermuda Triangle Teleporting Ships to 1920,DONT BE FOOLED! Secret documents confirm Renowned physicists confirm that temporal anomalies in the Bermuda Triangle open wormholes into past decades. Ships missing since 1945 were recently spotted docked in 1928 ports! Act now before it is banned forever!,1
NASA's James Webb Telescope Discovers Exoplanet Atmosphere,"Spokespersons for the organization stated that NASA's James Webb Space Telescope has captured detailed atmospheric observations of a rocky exoplanet located 40 light-years from Earth. Researchers confirmed the presence of water vapor and carbon dioxide using transmission spectroscopy. The study, published in Nature astronomy journal, represents a major milestone in interstellar astrophysics. Additional research teams are verifying the initial data.",0
Breakthrough Fusion Energy Experiment Achieves Net Energy Gain,Spokespersons for the organization stated that Scientists at Lawrence Livermore National Laboratory repeated a fusion reaction yielding more energy than consumed by the driver lasers. Independent peer review confirmed net energy gain of 3.15 megajoules. Additional research teams are verifying the initial data.,0
Deep Sea Exploration Uncovers Previously Unknown Marine Ecosystems,"Spokespersons for the organization stated that Oceanographers deploying remote underwater vehicles discovered hydrothermal vent ecosystems teeming with novel tubeworms and chemotrophic bacteria at depths exceeding 4,000 meters in the Pacific Ocean. Additional research teams are verifying the initial data.",0
Federal Reserve Holds Interest Rates Steady Amid Inflation Data,Spokespersons for the organization stated that The Federal Reserve announced on Wednesday that benchmark interest rates will remain unchanged. Chairman Powell cited recent CPI data indicating inflation has slowed to 2.4% annually. Financial analysts expect monetary policy to remain data-dependent over the coming quarters. Additional research teams are verifying the initial data.,0
European Central Bank Lowers Benchmark Interest Rates by 25 Basis Points,Spokespersons for the organization stated that The European Central Bank announced a quarter-point rate reduction following declining Eurozone inflation metrics. Financial policymakers confirmed the decision reflects stabilized consumer price indexes across member states. Additional research teams are verifying the initial data.,0
Global Semiconductor Manufacturing Capacity Expands with New Facilities,"Spokespersons for the organization stated that Advanced microchip fabrication facilities opened in Arizona and Dresden today, increasing global semiconductor supply chain resilience for automotive and consumer electronics sectors. Additional research teams are verifying the initial data.",0
World Health Organization Approves Next-Generation Malaria Vaccine,Spokespersons for the organization stated that The World Health Organization has recommended the R21/Matrix-M malaria vaccine for child immunization. Clinical trials conducted across four African nations demonstrated 75% efficacy in reducing symptomatic malaria cases over a 12-month period. Additional research teams are verifying the initial data.,0
Cancer Immunotherapy Trial Shows Promising Long-Term Remission,Spokespersons for the organization stated that Oncology researchers at Johns Hopkins Medicine reported phase II clinical trial results showing a 62% sustained remission rate in patients receiving targeted CAR-T cell therapy for refractory lymphoma. Additional research teams are verifying the initial data.,0
Clinical Trial Validates New Alzheimer's Drug for Early-Stage Patients,Spokespersons for the organization stated that Medical researchers at Harvard Medical School published clinical trial results demonstrating a 30% reduction in cognitive decline among early-stage Alzheimer's patients receiving monoclonal antibody therapy. Additional research teams are verifying the initial data.,0
Global Climate Summit Reaches Accord on Renewable Energy Transition,Spokespersons for the organization stated that Delegates from 195 countries reached a consensus to triple global renewable energy capacity by 2030. The agreement establishes a international fund to support developing nations in phasing out coal power plants. Additional research teams are verifying the initial data.,0
Tech Sector Standardizes AI Ethics and Verification Frameworks,Spokespersons for the organization stated that Leading technology companies and research universities have agreed on a unified verification protocol for synthetic media. The standard incorporates cryptographic watermarks to identify AI-generated audio and video content. Additional research teams are verifying the initial data.,0
Agricultural Robotics System Cuts Pesticide Use by 40 Percent,Spokespersons for the organization stated that Agritech trials across Midwest farms confirmed that precision AI-guided spraying robots reduced chemical pesticide usage by 40% while preserving crop yields. Additional research teams are verifying the initial data.,0
Bipartisan Infrastructure Bill Passes Senate with 68 Votes,"Spokespersons for the organization stated that The United States Senate voted 68-31 to approve a comprehensive infrastructure bill targeting bridges, clean water networks, and high-speed broadband expansion. The legislation now moves to the President's desk for signature. Additional research teams are verifying the initial data.",0
European Union Enacts Comprehensive Data Privacy Regulations,Spokespersons for the organization stated that European Union regulators have implemented updated digital market guidelines requiring platform transparency and algorithmic accountability. Compliance reviews will begin next quarter across all member states. Additional research teams are verifying the initial data.,0
MIRACLE CURE: Common Kitchen Ingredient Destroys All Diseases Overnight!,MUST SEE EXPOSURE! Independent whistleblowers reveal Big Pharma is terrified! Secret medical documents leaked by anonymous insiders prove drinking diluted baking soda with lemon completely cures stage 4 cancer and diabetes within 24 hours! Doctors are banned from speaking about this simple trick. Wake up before it is too late!,1
Celebrity Claims Drinking Raw Secret Elixir Reversed Biological Age by 30 Years!,MUST SEE EXPOSURE! Independent whistleblowers reveal Hollywood superstars are secretly using an unapproved miracle potion harvested from deep sea crystals that reverses DNA aging instantly! Doctors are furious but millions are ordering online before regulators ban it! Wake up before it is too late!,1
Drink This Secret Tea to Lose 50 Pounds in 3 Days Without Exercise!,MUST SEE EXPOSURE! Independent whistleblowers reveal Weight loss industry exposed! A rare ancient Amazonian herb melts belly fat instantly while you sleep. Clinical trials were suppressed by diet food manufacturers to protect billion dollar profits! Wake up before it is too late!,1
Shocking Discovery: Vegetables Contain Secret Toxins Designed to WEAKEN Humans!,MUST SEE EXPOSURE! Independent whistleblowers reveal Health experts warn that common broccoli and spinach were genetically engineered by global authorities to reduce human IQ and cause chronic fatigue. Switch to the all-meat secret diet today! Wake up before it is too late!,1
Secret Secret Government Satellite Emits Frequencies Controlling Weather,MUST SEE EXPOSURE! Independent whistleblowers reveal Whistleblowers reveal secret military satellites beam scalar energy directly into hurricane centers to manipulate global weather patterns and crash stock markets. Government officials refuse to address the classified electromagnetic grid. Wake up before it is too late!,1
5G Towers Confirmed to Transmit Mind Control Signals During Nighttime,MUST SEE EXPOSURE! Independent whistleblowers reveal Independent researchers discovered 5G towers operate on secret frequencies designed to induce compliance and lethargy in urban populations between 2 AM and 5 AM. Share this before it gets taken down! Wake up before it is too late!,1
Billionaire Secretly Replaces City Water Supply with Microchip Fluid,MUST SEE EXPOSURE! Independent whistleblowers reveal Shocking investigative report reveals globalist elites added nanotech tracking liquid into municipal tap water across major cities to monitor citizen movements 24/7. Wake up before it is too late!,1
Government Bans Growing Your Own Food in Backyard Gardens Nationwide!,MUST SEE EXPOSURE! Independent whistleblowers reveal Executive order signed last night makes home gardening illegal under penalty of immediate arrest! Authorities claim backyard vegetables threaten corporate agricultural monopolies. Wake up before it is too late!,1
Alien Spacecraft Uncovered Below Antarctic Ice Sheet by Satellite Imagery,"MUST SEE EXPOSURE! Independent whistleblowers reveal Shocking leaked satellite footage confirms a massive alien mothership buried beneath Antarctic ice for 10,000 years! Military forces have blockaded the continent while secret elites extract alien technology. Wake up before it is too late!",1
Leaked Documents Prove Dinosaurs Still Alive on Remote Undiscovered Island,MUST SEE EXPOSURE! Independent whistleblowers reveal Brave explorers released classified photographs showing living Tyrannosaurus Rex herds roaming an island hidden by government radar cloaking devices in the South Pacific. Wake up before it is too late!,1
"Moon Landing Was Filmed in Underground Studio, Director Confesses on Deathbed",MUST SEE EXPOSURE! Independent whistleblowers reveal A legendary Hollywood director left behind a sealed confession recording proving the 1969 Apollo moon landing was staged on a desert film set using miniature models and wires. Wake up before it is too late!,1
Scientists Discover Time Portal in Bermuda Triangle Teleporting Ships to 1920,MUST SEE EXPOSURE! Independent whistleblowers reveal Renowned physicists confirm that temporal anomalies in the Bermuda Triangle open wormholes into past decades. Ships missing since 1945 were recently spotted docked in 1928 ports! Wake up before it is too late!,1
NASA's James Webb Telescope Discovers Exoplanet Atmosphere (Official Update),"According to official reports published today, NASA's James Webb Space Telescope has captured detailed atmospheric observations of a rocky exoplanet located 40 light-years from Earth. Researchers confirmed the presence of water vapor and carbon dioxide using transmission spectroscopy. The study, published in Nature astronomy journal, represents a major milestone in interstellar astrophysics. Policy experts noted that the findings reflect long-term trends.",0
Breakthrough Fusion Energy Experiment Achieves Net Energy Gain (Official Update),"According to official reports published today, Scientists at Lawrence Livermore National Laboratory repeated a fusion reaction yielding more energy than consumed by the driver lasers. Independent peer review confirmed net energy gain of 3.15 megajoules. Policy experts noted that the findings reflect long-term trends.",0
Deep Sea Exploration Uncovers Previously Unknown Marine Ecosystems (Official Update),"According to official reports published today, Oceanographers deploying remote underwater vehicles discovered hydrothermal vent ecosystems teeming with novel tubeworms and chemotrophic bacteria at depths exceeding 4,000 meters in the Pacific Ocean. Policy experts noted that the findings reflect long-term trends.",0
Federal Reserve Holds Interest Rates Steady Amid Inflation Data (Official Update),"According to official reports published today, The Federal Reserve announced on Wednesday that benchmark interest rates will remain unchanged. Chairman Powell cited recent CPI data indicating inflation has slowed to 2.4% annually. Financial analysts expect monetary policy to remain data-dependent over the coming quarters. Policy experts noted that the findings reflect long-term trends.",0
European Central Bank Lowers Benchmark Interest Rates by 25 Basis Points (Official Update),"According to official reports published today, The European Central Bank announced a quarter-point rate reduction following declining Eurozone inflation metrics. Financial policymakers confirmed the decision reflects stabilized consumer price indexes across member states. Policy experts noted that the findings reflect long-term trends.",0
Global Semiconductor Manufacturing Capacity Expands with New Facilities (Official Update),"According to official reports published today, Advanced microchip fabrication facilities opened in Arizona and Dresden today, increasing global semiconductor supply chain resilience for automotive and consumer electronics sectors. Policy experts noted that the findings reflect long-term trends.",0
World Health Organization Approves Next-Generation Malaria Vaccine (Official Update),"According to official reports published today, The World Health Organization has recommended the R21/Matrix-M malaria vaccine for child immunization. Clinical trials conducted across four African nations demonstrated 75% efficacy in reducing symptomatic malaria cases over a 12-month period. Policy experts noted that the findings reflect long-term trends.",0
Cancer Immunotherapy Trial Shows Promising Long-Term Remission (Official Update),"According to official reports published today, Oncology researchers at Johns Hopkins Medicine reported phase II clinical trial results showing a 62% sustained remission rate in patients receiving targeted CAR-T cell therapy for refractory lymphoma. Policy experts noted that the findings reflect long-term trends.",0
Clinical Trial Validates New Alzheimer's Drug for Early-Stage Patients (Official Update),"According to official reports published today, Medical researchers at Harvard Medical School published clinical trial results demonstrating a 30% reduction in cognitive decline among early-stage Alzheimer's patients receiving monoclonal antibody therapy. Policy experts noted that the findings reflect long-term trends.",0
Global Climate Summit Reaches Accord on Renewable Energy Transition (Official Update),"According to official reports published today, Delegates from 195 countries reached a consensus to triple global renewable energy capacity by 2030. The agreement establishes a international fund to support developing nations in phasing out coal power plants. Policy experts noted that the findings reflect long-term trends.",0
Tech Sector Standardizes AI Ethics and Verification Frameworks (Official Update),"According to official reports published today, Leading technology companies and research universities have agreed on a unified verification protocol for synthetic media. The standard incorporates cryptographic watermarks to identify AI-generated audio and video content. Policy experts noted that the findings reflect long-term trends.",0
Agricultural Robotics System Cuts Pesticide Use by 40 Percent (Official Update),"According to official reports published today, Agritech trials across Midwest farms confirmed that precision AI-guided spraying robots reduced chemical pesticide usage by 40% while preserving crop yields. Policy experts noted that the findings reflect long-term trends.",0
Bipartisan Infrastructure Bill Passes Senate with 68 Votes (Official Update),"According to official reports published today, The United States Senate voted 68-31 to approve a comprehensive infrastructure bill targeting bridges, clean water networks, and high-speed broadband expansion. The legislation now moves to the President's desk for signature. Policy experts noted that the findings reflect long-term trends.",0
European Union Enacts Comprehensive Data Privacy Regulations (Official Update),"According to official reports published today, European Union regulators have implemented updated digital market guidelines requiring platform transparency and algorithmic accountability. Compliance reviews will begin next quarter across all member states. Policy experts noted that the findings reflect long-term trends.",0
SHOCKING: MIRACLE CURE: Common Kitchen Ingredient Destroys All Diseases Overnight!,SHOCKING LEAK! Mainstream media won't show you this: Big Pharma is terrified! Secret medical documents leaked by anonymous insiders prove drinking diluted baking soda with lemon completely cures stage 4 cancer and diabetes within 24 hours! Doctors are banned from speaking about this simple trick. Click here before regulators delete this video!,1
SHOCKING: Celebrity Claims Drinking Raw Secret Elixir Reversed Biological Age by 30 Years!,SHOCKING LEAK! Mainstream media won't show you this: Hollywood superstars are secretly using an unapproved miracle potion harvested from deep sea crystals that reverses DNA aging instantly! Doctors are furious but millions are ordering online before regulators ban it! Click here before regulators delete this video!,1
SHOCKING: Drink This Secret Tea to Lose 50 Pounds in 3 Days Without Exercise!,SHOCKING LEAK! Mainstream media won't show you this: Weight loss industry exposed! A rare ancient Amazonian herb melts belly fat instantly while you sleep. Clinical trials were suppressed by diet food manufacturers to protect billion dollar profits! Click here before regulators delete this video!,1
SHOCKING: Shocking Discovery: Vegetables Contain Secret Toxins Designed to WEAKEN Humans!,SHOCKING LEAK! Mainstream media won't show you this: Health experts warn that common broccoli and spinach were genetically engineered by global authorities to reduce human IQ and cause chronic fatigue. Switch to the all-meat secret diet today! Click here before regulators delete this video!,1
SHOCKING: Secret Secret Government Satellite Emits Frequencies Controlling Weather,SHOCKING LEAK! Mainstream media won't show you this: Whistleblowers reveal secret military satellites beam scalar energy directly into hurricane centers to manipulate global weather patterns and crash stock markets. Government officials refuse to address the classified electromagnetic grid. Click here before regulators delete this video!,1
SHOCKING: 5G Towers Confirmed to Transmit Mind Control Signals During Nighttime,SHOCKING LEAK! Mainstream media won't show you this: Independent researchers discovered 5G towers operate on secret frequencies designed to induce compliance and lethargy in urban populations between 2 AM and 5 AM. Share this before it gets taken down! Click here before regulators delete this video!,1
SHOCKING: Billionaire Secretly Replaces City Water Supply with Microchip Fluid,SHOCKING LEAK! Mainstream media won't show you this: Shocking investigative report reveals globalist elites added nanotech tracking liquid into municipal tap water across major cities to monitor citizen movements 24/7. Click here before regulators delete this video!,1
SHOCKING: Government Bans Growing Your Own Food in Backyard Gardens Nationwide!,SHOCKING LEAK! Mainstream media won't show you this: Executive order signed last night makes home gardening illegal under penalty of immediate arrest! Authorities claim backyard vegetables threaten corporate agricultural monopolies. Click here before regulators delete this video!,1
SHOCKING: Alien Spacecraft Uncovered Below Antarctic Ice Sheet by Satellite Imagery,"SHOCKING LEAK! Mainstream media won't show you this: Shocking leaked satellite footage confirms a massive alien mothership buried beneath Antarctic ice for 10,000 years! Military forces have blockaded the continent while secret elites extract alien technology. Click here before regulators delete this video!",1
SHOCKING: Leaked Documents Prove Dinosaurs Still Alive on Remote Undiscovered Island,SHOCKING LEAK! Mainstream media won't show you this: Brave explorers released classified photographs showing living Tyrannosaurus Rex herds roaming an island hidden by government radar cloaking devices in the South Pacific. Click here before regulators delete this video!,1
"SHOCKING: Moon Landing Was Filmed in Underground Studio, Director Confesses on Deathbed",SHOCKING LEAK! Mainstream media won't show you this: A legendary Hollywood director left behind a sealed confession recording proving the 1969 Apollo moon landing was staged on a desert film set using miniature models and wires. Click here before regulators delete this video!,1
SHOCKING: Scientists Discover Time Portal in Bermuda Triangle Teleporting Ships to 1920,SHOCKING LEAK! Mainstream media won't show you this: Renowned physicists confirm that temporal anomalies in the Bermuda Triangle open wormholes into past decades. Ships missing since 1945 were recently spotted docked in 1928 ports! Click here before regulators delete this video!,1
NASA's James Webb Telescope Discovers Exoplanet Atmosphere,"A formal study conducted by leading researchers revealed that NASA's James Webb Space Telescope has captured detailed atmospheric observations of a rocky exoplanet located 40 light-years from Earth. Researchers confirmed the presence of water vapor and carbon dioxide using transmission spectroscopy. The study, published in Nature astronomy journal, represents a major milestone in interstellar astrophysics. Further peer-reviewed evidence will be released next month.",0
Breakthrough Fusion Energy Experiment Achieves Net Energy Gain,A formal study conducted by leading researchers revealed that Scientists at Lawrence Livermore National Laboratory repeated a fusion reaction yielding more energy than consumed by the driver lasers. Independent peer review confirmed net energy gain of 3.15 megajoules. Further peer-reviewed evidence will be released next month.,0
Deep Sea Exploration Uncovers Previously Unknown Marine Ecosystems,"A formal study conducted by leading researchers revealed that Oceanographers deploying remote underwater vehicles discovered hydrothermal vent ecosystems teeming with novel tubeworms and chemotrophic bacteria at depths exceeding 4,000 meters in the Pacific Ocean. Further peer-reviewed evidence will be released next month.",0
Federal Reserve Holds Interest Rates Steady Amid Inflation Data,A formal study conducted by leading researchers revealed that The Federal Reserve announced on Wednesday that benchmark interest rates will remain unchanged. Chairman Powell cited recent CPI data indicating inflation has slowed to 2.4% annually. Financial analysts expect monetary policy to remain data-dependent over the coming quarters. Further peer-reviewed evidence will be released next month.,0
European Central Bank Lowers Benchmark Interest Rates by 25 Basis Points,A formal study conducted by leading researchers revealed that The European Central Bank announced a quarter-point rate reduction following declining Eurozone inflation metrics. Financial policymakers confirmed the decision reflects stabilized consumer price indexes across member states. Further peer-reviewed evidence will be released next month.,0
Global Semiconductor Manufacturing Capacity Expands with New Facilities,"A formal study conducted by leading researchers revealed that Advanced microchip fabrication facilities opened in Arizona and Dresden today, increasing global semiconductor supply chain resilience for automotive and consumer electronics sectors. Further peer-reviewed evidence will be released next month.",0
World Health Organization Approves Next-Generation Malaria Vaccine,A formal study conducted by leading researchers revealed that The World Health Organization has recommended the R21/Matrix-M malaria vaccine for child immunization. Clinical trials conducted across four African nations demonstrated 75% efficacy in reducing symptomatic malaria cases over a 12-month period. Further peer-reviewed evidence will be released next month.,0
Cancer Immunotherapy Trial Shows Promising Long-Term Remission,A formal study conducted by leading researchers revealed that Oncology researchers at Johns Hopkins Medicine reported phase II clinical trial results showing a 62% sustained remission rate in patients receiving targeted CAR-T cell therapy for refractory lymphoma. Further peer-reviewed evidence will be released next month.,0
Clinical Trial Validates New Alzheimer's Drug for Early-Stage Patients,A formal study conducted by leading researchers revealed that Medical researchers at Harvard Medical School published clinical trial results demonstrating a 30% reduction in cognitive decline among early-stage Alzheimer's patients receiving monoclonal antibody therapy. Further peer-reviewed evidence will be released next month.,0
Global Climate Summit Reaches Accord on Renewable Energy Transition,A formal study conducted by leading researchers revealed that Delegates from 195 countries reached a consensus to triple global renewable energy capacity by 2030. The agreement establishes a international fund to support developing nations in phasing out coal power plants. Further peer-reviewed evidence will be released next month.,0
Tech Sector Standardizes AI Ethics and Verification Frameworks,A formal study conducted by leading researchers revealed that Leading technology companies and research universities have agreed on a unified verification protocol for synthetic media. The standard incorporates cryptographic watermarks to identify AI-generated audio and video content. Further peer-reviewed evidence will be released next month.,0
Agricultural Robotics System Cuts Pesticide Use by 40 Percent,A formal study conducted by leading researchers revealed that Agritech trials across Midwest farms confirmed that precision AI-guided spraying robots reduced chemical pesticide usage by 40% while preserving crop yields. Further peer-reviewed evidence will be released next month.,0
Bipartisan Infrastructure Bill Passes Senate with 68 Votes,"A formal study conducted by leading researchers revealed that The United States Senate voted 68-31 to approve a comprehensive infrastructure bill targeting bridges, clean water networks, and high-speed broadband expansion. The legislation now moves to the President's desk for signature. Further peer-reviewed evidence will be released next month.",0
European Union Enacts Comprehensive Data Privacy Regulations,A formal study conducted by leading researchers revealed that European Union regulators have implemented updated digital market guidelines requiring platform transparency and algorithmic accountability. Compliance reviews will begin next quarter across all member states. Further peer-reviewed evidence will be released next month.,0
MIRACLE CURE: Common Kitchen Ingredient Destroys All Diseases Overnight!,UNBELIEVABLE TRUTH REVEALED! Insiders expose that Big Pharma is terrified! Secret medical documents leaked by anonymous insiders prove drinking diluted baking soda with lemon completely cures stage 4 cancer and diabetes within 24 hours! Doctors are banned from speaking about this simple trick. Share this secret message with everyone you know immediately!,1
Celebrity Claims Drinking Raw Secret Elixir Reversed Biological Age by 30 Years!,UNBELIEVABLE TRUTH REVEALED! Insiders expose that Hollywood superstars are secretly using an unapproved miracle potion harvested from deep sea crystals that reverses DNA aging instantly! Doctors are furious but millions are ordering online before regulators ban it! Share this secret message with everyone you know immediately!,1
Drink This Secret Tea to Lose 50 Pounds in 3 Days Without Exercise!,UNBELIEVABLE TRUTH REVEALED! Insiders expose that Weight loss industry exposed! A rare ancient Amazonian herb melts belly fat instantly while you sleep. Clinical trials were suppressed by diet food manufacturers to protect billion dollar profits! Share this secret message with everyone you know immediately!,1
Shocking Discovery: Vegetables Contain Secret Toxins Designed to WEAKEN Humans!,UNBELIEVABLE TRUTH REVEALED! Insiders expose that Health experts warn that common broccoli and spinach were genetically engineered by global authorities to reduce human IQ and cause chronic fatigue. Switch to the all-meat secret diet today! Share this secret message with everyone you know immediately!,1
Secret Secret Government Satellite Emits Frequencies Controlling Weather,UNBELIEVABLE TRUTH REVEALED! Insiders expose that Whistleblowers reveal secret military satellites beam scalar energy directly into hurricane centers to manipulate global weather patterns and crash stock markets. Government officials refuse to address the classified electromagnetic grid. Share this secret message with everyone you know immediately!,1
5G Towers Confirmed to Transmit Mind Control Signals During Nighttime,UNBELIEVABLE TRUTH REVEALED! Insiders expose that Independent researchers discovered 5G towers operate on secret frequencies designed to induce compliance and lethargy in urban populations between 2 AM and 5 AM. Share this before it gets taken down! Share this secret message with everyone you know immediately!,1
Billionaire Secretly Replaces City Water Supply with Microchip Fluid,UNBELIEVABLE TRUTH REVEALED! Insiders expose that Shocking investigative report reveals globalist elites added nanotech tracking liquid into municipal tap water across major cities to monitor citizen movements 24/7. Share this secret message with everyone you know immediately!,1
Government Bans Growing Your Own Food in Backyard Gardens Nationwide!,UNBELIEVABLE TRUTH REVEALED! Insiders expose that Executive order signed last night makes home gardening illegal under penalty of immediate arrest! Authorities claim backyard vegetables threaten corporate agricultural monopolies. Share this secret message with everyone you know immediately!,1
Alien Spacecraft Uncovered Below Antarctic Ice Sheet by Satellite Imagery,"UNBELIEVABLE TRUTH REVEALED! Insiders expose that Shocking leaked satellite footage confirms a massive alien mothership buried beneath Antarctic ice for 10,000 years! Military forces have blockaded the continent while secret elites extract alien technology. Share this secret message with everyone you know immediately!",1
Leaked Documents Prove Dinosaurs Still Alive on Remote Undiscovered Island,UNBELIEVABLE TRUTH REVEALED! Insiders expose that Brave explorers released classified photographs showing living Tyrannosaurus Rex herds roaming an island hidden by government radar cloaking devices in the South Pacific. Share this secret message with everyone you know immediately!,1
"Moon Landing Was Filmed in Underground Studio, Director Confesses on Deathbed",UNBELIEVABLE TRUTH REVEALED! Insiders expose that A legendary Hollywood director left behind a sealed confession recording proving the 1969 Apollo moon landing was staged on a desert film set using miniature models and wires. Share this secret message with everyone you know immediately!,1
Scientists Discover Time Portal in Bermuda Triangle Teleporting Ships to 1920,UNBELIEVABLE TRUTH REVEALED! Insiders expose that Renowned physicists confirm that temporal anomalies in the Bermuda Triangle open wormholes into past decades. Ships missing since 1945 were recently spotted docked in 1928 ports! Share this secret message with everyone you know immediately!,1
NASA's James Webb Telescope Discovers Exoplanet Atmosphere,"Official representatives confirmed in a press conference that NASA's James Webb Space Telescope has captured detailed atmospheric observations of a rocky exoplanet located 40 light-years from Earth. Researchers confirmed the presence of water vapor and carbon dioxide using transmission spectroscopy. The study, published in Nature astronomy journal, represents a major milestone in interstellar astrophysics. Market reactions remained stable following the statement.",0
Breakthrough Fusion Energy Experiment Achieves Net Energy Gain,Official representatives confirmed in a press conference that Scientists at Lawrence Livermore National Laboratory repeated a fusion reaction yielding more energy than consumed by the driver lasers. Independent peer review confirmed net energy gain of 3.15 megajoules. Market reactions remained stable following the statement.,0
Deep Sea Exploration Uncovers Previously Unknown Marine Ecosystems,"Official representatives confirmed in a press conference that Oceanographers deploying remote underwater vehicles discovered hydrothermal vent ecosystems teeming with novel tubeworms and chemotrophic bacteria at depths exceeding 4,000 meters in the Pacific Ocean. Market reactions remained stable following the statement.",0
Federal Reserve Holds Interest Rates Steady Amid Inflation Data,Official representatives confirmed in a press conference that The Federal Reserve announced on Wednesday that benchmark interest rates will remain unchanged. Chairman Powell cited recent CPI data indicating inflation has slowed to 2.4% annually. Financial analysts expect monetary policy to remain data-dependent over the coming quarters. Market reactions remained stable following the statement.,0
European Central Bank Lowers Benchmark Interest Rates by 25 Basis Points,Official representatives confirmed in a press conference that The European Central Bank announced a quarter-point rate reduction following declining Eurozone inflation metrics. Financial policymakers confirmed the decision reflects stabilized consumer price indexes across member states. Market reactions remained stable following the statement.,0
Global Semiconductor Manufacturing Capacity Expands with New Facilities,"Official representatives confirmed in a press conference that Advanced microchip fabrication facilities opened in Arizona and Dresden today, increasing global semiconductor supply chain resilience for automotive and consumer electronics sectors. Market reactions remained stable following the statement.",0
World Health Organization Approves Next-Generation Malaria Vaccine,Official representatives confirmed in a press conference that The World Health Organization has recommended the R21/Matrix-M malaria vaccine for child immunization. Clinical trials conducted across four African nations demonstrated 75% efficacy in reducing symptomatic malaria cases over a 12-month period. Market reactions remained stable following the statement.,0
Cancer Immunotherapy Trial Shows Promising Long-Term Remission,Official representatives confirmed in a press conference that Oncology researchers at Johns Hopkins Medicine reported phase II clinical trial results showing a 62% sustained remission rate in patients receiving targeted CAR-T cell therapy for refractory lymphoma. Market reactions remained stable following the statement.,0
Clinical Trial Validates New Alzheimer's Drug for Early-Stage Patients,Official representatives confirmed in a press conference that Medical researchers at Harvard Medical School published clinical trial results demonstrating a 30% reduction in cognitive decline among early-stage Alzheimer's patients receiving monoclonal antibody therapy. Market reactions remained stable following the statement.,0
Global Climate Summit Reaches Accord on Renewable Energy Transition,Official representatives confirmed in a press conference that Delegates from 195 countries reached a consensus to triple global renewable energy capacity by 2030. The agreement establishes a international fund to support developing nations in phasing out coal power plants. Market reactions remained stable following the statement.,0
Tech Sector Standardizes AI Ethics and Verification Frameworks,Official representatives confirmed in a press conference that Leading technology companies and research universities have agreed on a unified verification protocol for synthetic media. The standard incorporates cryptographic watermarks to identify AI-generated audio and video content. Market reactions remained stable following the statement.,0
Agricultural Robotics System Cuts Pesticide Use by 40 Percent,Official representatives confirmed in a press conference that Agritech trials across Midwest farms confirmed that precision AI-guided spraying robots reduced chemical pesticide usage by 40% while preserving crop yields. Market reactions remained stable following the statement.,0
Bipartisan Infrastructure Bill Passes Senate with 68 Votes,"Official representatives confirmed in a press conference that The United States Senate voted 68-31 to approve a comprehensive infrastructure bill targeting bridges, clean water networks, and high-speed broadband expansion. The legislation now moves to the President's desk for signature. Market reactions remained stable following the statement.",0
European Union Enacts Comprehensive Data Privacy Regulations,Official representatives confirmed in a press conference that European Union regulators have implemented updated digital market guidelines requiring platform transparency and algorithmic accountability. Compliance reviews will begin next quarter across all member states. Market reactions remained stable following the statement.,0
SHOCKING: MIRACLE CURE: Common Kitchen Ingredient Destroys All Diseases Overnight!,THEY ARE LYING TO YOU! What doctors and government officials don't want you to know: Big Pharma is terrified! Secret medical documents leaked by anonymous insiders prove drinking diluted baking soda with lemon completely cures stage 4 cancer and diabetes within 24 hours! Doctors are banned from speaking about this simple trick. Miracle solution exposed!,1
SHOCKING: Celebrity Claims Drinking Raw Secret Elixir Reversed Biological Age by 30 Years!,THEY ARE LYING TO YOU! What doctors and government officials don't want you to know: Hollywood superstars are secretly using an unapproved miracle potion harvested from deep sea crystals that reverses DNA aging instantly! Doctors are furious but millions are ordering online before regulators ban it! Miracle solution exposed!,1
SHOCKING: Drink This Secret Tea to Lose 50 Pounds in 3 Days Without Exercise!,THEY ARE LYING TO YOU! What doctors and government officials don't want you to know: Weight loss industry exposed! A rare ancient Amazonian herb melts belly fat instantly while you sleep. Clinical trials were suppressed by diet food manufacturers to protect billion dollar profits! Miracle solution exposed!,1
SHOCKING: Shocking Discovery: Vegetables Contain Secret Toxins Designed to WEAKEN Humans!,THEY ARE LYING TO YOU! What doctors and government officials don't want you to know: Health experts warn that common broccoli and spinach were genetically engineered by global authorities to reduce human IQ and cause chronic fatigue. Switch to the all-meat secret diet today! Miracle solution exposed!,1
SHOCKING: Secret Secret Government Satellite Emits Frequencies Controlling Weather,THEY ARE LYING TO YOU! What doctors and government officials don't want you to know: Whistleblowers reveal secret military satellites beam scalar energy directly into hurricane centers to manipulate global weather patterns and crash stock markets. Government officials refuse to address the classified electromagnetic grid. Miracle solution exposed!,1
SHOCKING: 5G Towers Confirmed to Transmit Mind Control Signals During Nighttime,THEY ARE LYING TO YOU! What doctors and government officials don't want you to know: Independent researchers discovered 5G towers operate on secret frequencies designed to induce compliance and lethargy in urban populations between 2 AM and 5 AM. Share this before it gets taken down! Miracle solution exposed!,1
SHOCKING: Billionaire Secretly Replaces City Water Supply with Microchip Fluid,THEY ARE LYING TO YOU! What doctors and government officials don't want you to know: Shocking investigative report reveals globalist elites added nanotech tracking liquid into municipal tap water across major cities to monitor citizen movements 24/7. Miracle solution exposed!,1
SHOCKING: Government Bans Growing Your Own Food in Backyard Gardens Nationwide!,THEY ARE LYING TO YOU! What doctors and government officials don't want you to know: Executive order signed last night makes home gardening illegal under penalty of immediate arrest! Authorities claim backyard vegetables threaten corporate agricultural monopolies. Miracle solution exposed!,1
SHOCKING: Alien Spacecraft Uncovered Below Antarctic Ice Sheet by Satellite Imagery,"THEY ARE LYING TO YOU! What doctors and government officials don't want you to know: Shocking leaked satellite footage confirms a massive alien mothership buried beneath Antarctic ice for 10,000 years! Military forces have blockaded the continent while secret elites extract alien technology. Miracle solution exposed!",1
SHOCKING: Leaked Documents Prove Dinosaurs Still Alive on Remote Undiscovered Island,THEY ARE LYING TO YOU! What doctors and government officials don't want you to know: Brave explorers released classified photographs showing living Tyrannosaurus Rex herds roaming an island hidden by government radar cloaking devices in the South Pacific. Miracle solution exposed!,1
"SHOCKING: Moon Landing Was Filmed in Underground Studio, Director Confesses on Deathbed",THEY ARE LYING TO YOU! What doctors and government officials don't want you to know: A legendary Hollywood director left behind a sealed confession recording proving the 1969 Apollo moon landing was staged on a desert film set using miniature models and wires. Miracle solution exposed!,1
SHOCKING: Scientists Discover Time Portal in Bermuda Triangle Teleporting Ships to 1920,THEY ARE LYING TO YOU! What doctors and government officials don't want you to know: Renowned physicists confirm that temporal anomalies in the Bermuda Triangle open wormholes into past decades. Ships missing since 1945 were recently spotted docked in 1928 ports! Miracle solution exposed!,1
NASA's James Webb Telescope Discovers Exoplanet Atmosphere (Official Update),"In a peer-reviewed publication, scientists demonstrated that NASA's James Webb Space Telescope has captured detailed atmospheric observations of a rocky exoplanet located 40 light-years from Earth. Researchers confirmed the presence of water vapor and carbon dioxide using transmission spectroscopy. The study, published in Nature astronomy journal, represents a major milestone in interstellar astrophysics. The methodology was validated across multiple independent trials.",0
Breakthrough Fusion Energy Experiment Achieves Net Energy Gain (Official Update),"In a peer-reviewed publication, scientists demonstrated that Scientists at Lawrence Livermore National Laboratory repeated a fusion reaction yielding more energy than consumed by the driver lasers. Independent peer review confirmed net energy gain of 3.15 megajoules. The methodology was validated across multiple independent trials.",0
Deep Sea Exploration Uncovers Previously Unknown Marine Ecosystems (Official Update),"In a peer-reviewed publication, scientists demonstrated that Oceanographers deploying remote underwater vehicles discovered hydrothermal vent ecosystems teeming with novel tubeworms and chemotrophic bacteria at depths exceeding 4,000 meters in the Pacific Ocean. The methodology was validated across multiple independent trials.",0
Federal Reserve Holds Interest Rates Steady Amid Inflation Data (Official Update),"In a peer-reviewed publication, scientists demonstrated that The Federal Reserve announced on Wednesday that benchmark interest rates will remain unchanged. Chairman Powell cited recent CPI data indicating inflation has slowed to 2.4% annually. Financial analysts expect monetary policy to remain data-dependent over the coming quarters. The methodology was validated across multiple independent trials.",0
European Central Bank Lowers Benchmark Interest Rates by 25 Basis Points (Official Update),"In a peer-reviewed publication, scientists demonstrated that The European Central Bank announced a quarter-point rate reduction following declining Eurozone inflation metrics. Financial policymakers confirmed the decision reflects stabilized consumer price indexes across member states. The methodology was validated across multiple independent trials.",0
Global Semiconductor Manufacturing Capacity Expands with New Facilities (Official Update),"In a peer-reviewed publication, scientists demonstrated that Advanced microchip fabrication facilities opened in Arizona and Dresden today, increasing global semiconductor supply chain resilience for automotive and consumer electronics sectors. The methodology was validated across multiple independent trials.",0
World Health Organization Approves Next-Generation Malaria Vaccine (Official Update),"In a peer-reviewed publication, scientists demonstrated that The World Health Organization has recommended the R21/Matrix-M malaria vaccine for child immunization. Clinical trials conducted across four African nations demonstrated 75% efficacy in reducing symptomatic malaria cases over a 12-month period. The methodology was validated across multiple independent trials.",0
Cancer Immunotherapy Trial Shows Promising Long-Term Remission (Official Update),"In a peer-reviewed publication, scientists demonstrated that Oncology researchers at Johns Hopkins Medicine reported phase II clinical trial results showing a 62% sustained remission rate in patients receiving targeted CAR-T cell therapy for refractory lymphoma. The methodology was validated across multiple independent trials.",0
Clinical Trial Validates New Alzheimer's Drug for Early-Stage Patients (Official Update),"In a peer-reviewed publication, scientists demonstrated that Medical researchers at Harvard Medical School published clinical trial results demonstrating a 30% reduction in cognitive decline among early-stage Alzheimer's patients receiving monoclonal antibody therapy. The methodology was validated across multiple independent trials.",0
Global Climate Summit Reaches Accord on Renewable Energy Transition (Official Update),"In a peer-reviewed publication, scientists demonstrated that Delegates from 195 countries reached a consensus to triple global renewable energy capacity by 2030. The agreement establishes a international fund to support developing nations in phasing out coal power plants. The methodology was validated across multiple independent trials.",0
Tech Sector Standardizes AI Ethics and Verification Frameworks (Official Update),"In a peer-reviewed publication, scientists demonstrated that Leading technology companies and research universities have agreed on a unified verification protocol for synthetic media. The standard incorporates cryptographic watermarks to identify AI-generated audio and video content. The methodology was validated across multiple independent trials.",0
Agricultural Robotics System Cuts Pesticide Use by 40 Percent (Official Update),"In a peer-reviewed publication, scientists demonstrated that Agritech trials across Midwest farms confirmed that precision AI-guided spraying robots reduced chemical pesticide usage by 40% while preserving crop yields. The methodology was validated across multiple independent trials.",0
Bipartisan Infrastructure Bill Passes Senate with 68 Votes (Official Update),"In a peer-reviewed publication, scientists demonstrated that The United States Senate voted 68-31 to approve a comprehensive infrastructure bill targeting bridges, clean water networks, and high-speed broadband expansion. The legislation now moves to the President's desk for signature. The methodology was validated across multiple independent trials.",0
European Union Enacts Comprehensive Data Privacy Regulations (Official Update),"In a peer-reviewed publication, scientists demonstrated that European Union regulators have implemented updated digital market guidelines requiring platform transparency and algorithmic accountability. Compliance reviews will begin next quarter across all member states. The methodology was validated across multiple independent trials.",0
MIRACLE CURE: Common Kitchen Ingredient Destroys All Diseases Overnight!,CLASSIFIED EVIDENCE EXPOSED! Anonymous sources confirm Big Pharma is terrified! Secret medical documents leaked by anonymous insiders prove drinking diluted baking soda with lemon completely cures stage 4 cancer and diabetes within 24 hours! Doctors are banned from speaking about this simple trick. Big Pharma and corrupt elites are terrified!,1
Celebrity Claims Drinking Raw Secret Elixir Reversed Biological Age by 30 Years!,CLASSIFIED EVIDENCE EXPOSED! Anonymous sources confirm Hollywood superstars are secretly using an unapproved miracle potion harvested from deep sea crystals that reverses DNA aging instantly! Doctors are furious but millions are ordering online before regulators ban it! Big Pharma and corrupt elites are terrified!,1
Drink This Secret Tea to Lose 50 Pounds in 3 Days Without Exercise!,CLASSIFIED EVIDENCE EXPOSED! Anonymous sources confirm Weight loss industry exposed! A rare ancient Amazonian herb melts belly fat instantly while you sleep. Clinical trials were suppressed by diet food manufacturers to protect billion dollar profits! Big Pharma and corrupt elites are terrified!,1
Shocking Discovery: Vegetables Contain Secret Toxins Designed to WEAKEN Humans!,CLASSIFIED EVIDENCE EXPOSED! Anonymous sources confirm Health experts warn that common broccoli and spinach were genetically engineered by global authorities to reduce human IQ and cause chronic fatigue. Switch to the all-meat secret diet today! Big Pharma and corrupt elites are terrified!,1
Secret Secret Government Satellite Emits Frequencies Controlling Weather,CLASSIFIED EVIDENCE EXPOSED! Anonymous sources confirm Whistleblowers reveal secret military satellites beam scalar energy directly into hurricane centers to manipulate global weather patterns and crash stock markets. Government officials refuse to address the classified electromagnetic grid. Big Pharma and corrupt elites are terrified!,1
5G Towers Confirmed to Transmit Mind Control Signals During Nighttime,CLASSIFIED EVIDENCE EXPOSED! Anonymous sources confirm Independent researchers discovered 5G towers operate on secret frequencies designed to induce compliance and lethargy in urban populations between 2 AM and 5 AM. Share this before it gets taken down! Big Pharma and corrupt elites are terrified!,1
Billionaire Secretly Replaces City Water Supply with Microchip Fluid,CLASSIFIED EVIDENCE EXPOSED! Anonymous sources confirm Shocking investigative report reveals globalist elites added nanotech tracking liquid into municipal tap water across major cities to monitor citizen movements 24/7. Big Pharma and corrupt elites are terrified!,1
Government Bans Growing Your Own Food in Backyard Gardens Nationwide!,CLASSIFIED EVIDENCE EXPOSED! Anonymous sources confirm Executive order signed last night makes home gardening illegal under penalty of immediate arrest! Authorities claim backyard vegetables threaten corporate agricultural monopolies. Big Pharma and corrupt elites are terrified!,1
Alien Spacecraft Uncovered Below Antarctic Ice Sheet by Satellite Imagery,"CLASSIFIED EVIDENCE EXPOSED! Anonymous sources confirm Shocking leaked satellite footage confirms a massive alien mothership buried beneath Antarctic ice for 10,000 years! Military forces have blockaded the continent while secret elites extract alien technology. Big Pharma and corrupt elites are terrified!",1
Leaked Documents Prove Dinosaurs Still Alive on Remote Undiscovered Island,CLASSIFIED EVIDENCE EXPOSED! Anonymous sources confirm Brave explorers released classified photographs showing living Tyrannosaurus Rex herds roaming an island hidden by government radar cloaking devices in the South Pacific. Big Pharma and corrupt elites are terrified!,1
"Moon Landing Was Filmed in Underground Studio, Director Confesses on Deathbed",CLASSIFIED EVIDENCE EXPOSED! Anonymous sources confirm A legendary Hollywood director left behind a sealed confession recording proving the 1969 Apollo moon landing was staged on a desert film set using miniature models and wires. Big Pharma and corrupt elites are terrified!,1
Scientists Discover Time Portal in Bermuda Triangle Teleporting Ships to 1920,CLASSIFIED EVIDENCE EXPOSED! Anonymous sources confirm Renowned physicists confirm that temporal anomalies in the Bermuda Triangle open wormholes into past decades. Ships missing since 1945 were recently spotted docked in 1928 ports! Big Pharma and corrupt elites are terrified!,1
NASA's James Webb Telescope Discovers Exoplanet Atmosphere,"Data released by international regulators highlights that NASA's James Webb Space Telescope has captured detailed atmospheric observations of a rocky exoplanet located 40 light-years from Earth. Researchers confirmed the presence of water vapor and carbon dioxide using transmission spectroscopy. The study, published in Nature astronomy journal, represents a major milestone in interstellar astrophysics. Compliance frameworks are scheduled to take effect next year.",0
Breakthrough Fusion Energy Experiment Achieves Net Energy Gain,Data released by international regulators highlights that Scientists at Lawrence Livermore National Laboratory repeated a fusion reaction yielding more energy than consumed by the driver lasers. Independent peer review confirmed net energy gain of 3.15 megajoules. Compliance frameworks are scheduled to take effect next year.,0
Deep Sea Exploration Uncovers Previously Unknown Marine Ecosystems,"Data released by international regulators highlights that Oceanographers deploying remote underwater vehicles discovered hydrothermal vent ecosystems teeming with novel tubeworms and chemotrophic bacteria at depths exceeding 4,000 meters in the Pacific Ocean. Compliance frameworks are scheduled to take effect next year.",0
Federal Reserve Holds Interest Rates Steady Amid Inflation Data,Data released by international regulators highlights that The Federal Reserve announced on Wednesday that benchmark interest rates will remain unchanged. Chairman Powell cited recent CPI data indicating inflation has slowed to 2.4% annually. Financial analysts expect monetary policy to remain data-dependent over the coming quarters. Compliance frameworks are scheduled to take effect next year.,0
European Central Bank Lowers Benchmark Interest Rates by 25 Basis Points,Data released by international regulators highlights that The European Central Bank announced a quarter-point rate reduction following declining Eurozone inflation metrics. Financial policymakers confirmed the decision reflects stabilized consumer price indexes across member states. Compliance frameworks are scheduled to take effect next year.,0
Global Semiconductor Manufacturing Capacity Expands with New Facilities,"Data released by international regulators highlights that Advanced microchip fabrication facilities opened in Arizona and Dresden today, increasing global semiconductor supply chain resilience for automotive and consumer electronics sectors. Compliance frameworks are scheduled to take effect next year.",0
World Health Organization Approves Next-Generation Malaria Vaccine,Data released by international regulators highlights that The World Health Organization has recommended the R21/Matrix-M malaria vaccine for child immunization. Clinical trials conducted across four African nations demonstrated 75% efficacy in reducing symptomatic malaria cases over a 12-month period. Compliance frameworks are scheduled to take effect next year.,0
Cancer Immunotherapy Trial Shows Promising Long-Term Remission,Data released by international regulators highlights that Oncology researchers at Johns Hopkins Medicine reported phase II clinical trial results showing a 62% sustained remission rate in patients receiving targeted CAR-T cell therapy for refractory lymphoma. Compliance frameworks are scheduled to take effect next year.,0
Clinical Trial Validates New Alzheimer's Drug for Early-Stage Patients,Data released by international regulators highlights that Medical researchers at Harvard Medical School published clinical trial results demonstrating a 30% reduction in cognitive decline among early-stage Alzheimer's patients receiving monoclonal antibody therapy. Compliance frameworks are scheduled to take effect next year.,0
Global Climate Summit Reaches Accord on Renewable Energy Transition,Data released by international regulators highlights that Delegates from 195 countries reached a consensus to triple global renewable energy capacity by 2030. The agreement establishes a international fund to support developing nations in phasing out coal power plants. Compliance frameworks are scheduled to take effect next year.,0
Tech Sector Standardizes AI Ethics and Verification Frameworks,Data released by international regulators highlights that Leading technology companies and research universities have agreed on a unified verification protocol for synthetic media. The standard incorporates cryptographic watermarks to identify AI-generated audio and video content. Compliance frameworks are scheduled to take effect next year.,0
Agricultural Robotics System Cuts Pesticide Use by 40 Percent,Data released by international regulators highlights that Agritech trials across Midwest farms confirmed that precision AI-guided spraying robots reduced chemical pesticide usage by 40% while preserving crop yields. Compliance frameworks are scheduled to take effect next year.,0
Bipartisan Infrastructure Bill Passes Senate with 68 Votes,"Data released by international regulators highlights that The United States Senate voted 68-31 to approve a comprehensive infrastructure bill targeting bridges, clean water networks, and high-speed broadband expansion. The legislation now moves to the President's desk for signature. Compliance frameworks are scheduled to take effect next year.",0
European Union Enacts Comprehensive Data Privacy Regulations,Data released by international regulators highlights that European Union regulators have implemented updated digital market guidelines requiring platform transparency and algorithmic accountability. Compliance reviews will begin next quarter across all member states. Compliance frameworks are scheduled to take effect next year.,0
SHOCKING: MIRACLE CURE: Common Kitchen Ingredient Destroys All Diseases Overnight!,DONT BE FOOLED! Secret documents confirm Big Pharma is terrified! Secret medical documents leaked by anonymous insiders prove drinking diluted baking soda with lemon completely cures stage 4 cancer and diabetes within 24 hours! Doctors are banned from speaking about this simple trick. Act now before it is banned forever!,1
SHOCKING: Celebrity Claims Drinking Raw Secret Elixir Reversed Biological Age by 30 Years!,DONT BE FOOLED! Secret documents confirm Hollywood superstars are secretly using an unapproved miracle potion harvested from deep sea crystals that reverses DNA aging instantly! Doctors are furious but millions are ordering online before regulators ban it! Act now before it is banned forever!,1
SHOCKING: Drink This Secret Tea to Lose 50 Pounds in 3 Days Without Exercise!,DONT BE FOOLED! Secret documents confirm Weight loss industry exposed! A rare ancient Amazonian herb melts belly fat instantly while you sleep. Clinical trials were suppressed by diet food manufacturers to protect billion dollar profits! Act now before it is banned forever!,1
SHOCKING: Shocking Discovery: Vegetables Contain Secret Toxins Designed to WEAKEN Humans!,DONT BE FOOLED! Secret documents confirm Health experts warn that common broccoli and spinach were genetically engineered by global authorities to reduce human IQ and cause chronic fatigue. Switch to the all-meat secret diet today! Act now before it is banned forever!,1
SHOCKING: Secret Secret Government Satellite Emits Frequencies Controlling Weather,DONT BE FOOLED! Secret documents confirm Whistleblowers reveal secret military satellites beam scalar energy directly into hurricane centers to manipulate global weather patterns and crash stock markets. Government officials refuse to address the classified electromagnetic grid. Act now before it is banned forever!,1
SHOCKING: 5G Towers Confirmed to Transmit Mind Control Signals During Nighttime,DONT BE FOOLED! Secret documents confirm Independent researchers discovered 5G towers operate on secret frequencies designed to induce compliance and lethargy in urban populations between 2 AM and 5 AM. Share this before it gets taken down! Act now before it is banned forever!,1
SHOCKING: Billionaire Secretly Replaces City Water Supply with Microchip Fluid,DONT BE FOOLED! Secret documents confirm Shocking investigative report reveals globalist elites added nanotech tracking liquid into municipal tap water across major cities to monitor citizen movements 24/7. Act now before it is banned forever!,1
SHOCKING: Government Bans Growing Your Own Food in Backyard Gardens Nationwide!,DONT BE FOOLED! Secret documents confirm Executive order signed last night makes home gardening illegal under penalty of immediate arrest! Authorities claim backyard vegetables threaten corporate agricultural monopolies. Act now before it is banned forever!,1
SHOCKING: Alien Spacecraft Uncovered Below Antarctic Ice Sheet by Satellite Imagery,"DONT BE FOOLED! Secret documents confirm Shocking leaked satellite footage confirms a massive alien mothership buried beneath Antarctic ice for 10,000 years! Military forces have blockaded the continent while secret elites extract alien technology. Act now before it is banned forever!",1
SHOCKING: Leaked Documents Prove Dinosaurs Still Alive on Remote Undiscovered Island,DONT BE FOOLED! Secret documents confirm Brave explorers released classified photographs showing living Tyrannosaurus Rex herds roaming an island hidden by government radar cloaking devices in the South Pacific. Act now before it is banned forever!,1
"SHOCKING: Moon Landing Was Filmed in Underground Studio, Director Confesses on Deathbed",DONT BE FOOLED! Secret documents confirm A legendary Hollywood director left behind a sealed confession recording proving the 1969 Apollo moon landing was staged on a desert film set using miniature models and wires. Act now before it is banned forever!,1
SHOCKING: Scientists Discover Time Portal in Bermuda Triangle Teleporting Ships to 1920,DONT BE FOOLED! Secret documents confirm Renowned physicists confirm that temporal anomalies in the Bermuda Triangle open wormholes into past decades. Ships missing since 1945 were recently spotted docked in 1928 ports! Act now before it is banned forever!,1
NASA's James Webb Telescope Discovers Exoplanet Atmosphere,"Spokespersons for the organization stated that NASA's James Webb Space Telescope has captured detailed atmospheric observations of a rocky exoplanet located 40 light-years from Earth. Researchers confirmed the presence of water vapor and carbon dioxide using transmission spectroscopy. The study, published in Nature astronomy journal, represents a major milestone in interstellar astrophysics. Additional research teams are verifying the initial data.",0
Breakthrough Fusion Energy Experiment Achieves Net Energy Gain,Spokespersons for the organization stated that Scientists at Lawrence Livermore National Laboratory repeated a fusion reaction yielding more energy than consumed by the driver lasers. Independent peer review confirmed net energy gain of 3.15 megajoules. Additional research teams are verifying the initial data.,0
Deep Sea Exploration Uncovers Previously Unknown Marine Ecosystems,"Spokespersons for the organization stated that Oceanographers deploying remote underwater vehicles discovered hydrothermal vent ecosystems teeming with novel tubeworms and chemotrophic bacteria at depths exceeding 4,000 meters in the Pacific Ocean. Additional research teams are verifying the initial data.",0
Federal Reserve Holds Interest Rates Steady Amid Inflation Data,Spokespersons for the organization stated that The Federal Reserve announced on Wednesday that benchmark interest rates will remain unchanged. Chairman Powell cited recent CPI data indicating inflation has slowed to 2.4% annually. Financial analysts expect monetary policy to remain data-dependent over the coming quarters. Additional research teams are verifying the initial data.,0
European Central Bank Lowers Benchmark Interest Rates by 25 Basis Points,Spokespersons for the organization stated that The European Central Bank announced a quarter-point rate reduction following declining Eurozone inflation metrics. Financial policymakers confirmed the decision reflects stabilized consumer price indexes across member states. Additional research teams are verifying the initial data.,0
Global Semiconductor Manufacturing Capacity Expands with New Facilities,"Spokespersons for the organization stated that Advanced microchip fabrication facilities opened in Arizona and Dresden today, increasing global semiconductor supply chain resilience for automotive and consumer electronics sectors. Additional research teams are verifying the initial data.",0
World Health Organization Approves Next-Generation Malaria Vaccine,Spokespersons for the organization stated that The World Health Organization has recommended the R21/Matrix-M malaria vaccine for child immunization. Clinical trials conducted across four African nations demonstrated 75% efficacy in reducing symptomatic malaria cases over a 12-month period. Additional research teams are verifying the initial data.,0
Cancer Immunotherapy Trial Shows Promising Long-Term Remission,Spokespersons for the organization stated that Oncology researchers at Johns Hopkins Medicine reported phase II clinical trial results showing a 62% sustained remission rate in patients receiving targeted CAR-T cell therapy for refractory lymphoma. Additional research teams are verifying the initial data.,0
Clinical Trial Validates New Alzheimer's Drug for Early-Stage Patients,Spokespersons for the organization stated that Medical researchers at Harvard Medical School published clinical trial results demonstrating a 30% reduction in cognitive decline among early-stage Alzheimer's patients receiving monoclonal antibody therapy. Additional research teams are verifying the initial data.,0
Global Climate Summit Reaches Accord on Renewable Energy Transition,Spokespersons for the organization stated that Delegates from 195 countries reached a consensus to triple global renewable energy capacity by 2030. The agreement establishes a international fund to support developing nations in phasing out coal power plants. Additional research teams are verifying the initial data.,0
Tech Sector Standardizes AI Ethics and Verification Frameworks,Spokespersons for the organization stated that Leading technology companies and research universities have agreed on a unified verification protocol for synthetic media. The standard incorporates cryptographic watermarks to identify AI-generated audio and video content. Additional research teams are verifying the initial data.,0
Agricultural Robotics System Cuts Pesticide Use by 40 Percent,Spokespersons for the organization stated that Agritech trials across Midwest farms confirmed that precision AI-guided spraying robots reduced chemical pesticide usage by 40% while preserving crop yields. Additional research teams are verifying the initial data.,0
Bipartisan Infrastructure Bill Passes Senate with 68 Votes,"Spokespersons for the organization stated that The United States Senate voted 68-31 to approve a comprehensive infrastructure bill targeting bridges, clean water networks, and high-speed broadband expansion. The legislation now moves to the President's desk for signature. Additional research teams are verifying the initial data.",0
European Union Enacts Comprehensive Data Privacy Regulations,Spokespersons for the organization stated that European Union regulators have implemented updated digital market guidelines requiring platform transparency and algorithmic accountability. Compliance reviews will begin next quarter across all member states. Additional research teams are verifying the initial data.,0
MIRACLE CURE: Common Kitchen Ingredient Destroys All Diseases Overnight!,MUST SEE EXPOSURE! Independent whistleblowers reveal Big Pharma is terrified! Secret medical documents leaked by anonymous insiders prove drinking diluted baking soda with lemon completely cures stage 4 cancer and diabetes within 24 hours! Doctors are banned from speaking about this simple trick. Wake up before it is too late!,1
Celebrity Claims Drinking Raw Secret Elixir Reversed Biological Age by 30 Years!,MUST SEE EXPOSURE! Independent whistleblowers reveal Hollywood superstars are secretly using an unapproved miracle potion harvested from deep sea crystals that reverses DNA aging instantly! Doctors are furious but millions are ordering online before regulators ban it! Wake up before it is too late!,1
Drink This Secret Tea to Lose 50 Pounds in 3 Days Without Exercise!,MUST SEE EXPOSURE! Independent whistleblowers reveal Weight loss industry exposed! A rare ancient Amazonian herb melts belly fat instantly while you sleep. Clinical trials were suppressed by diet food manufacturers to protect billion dollar profits! Wake up before it is too late!,1
Shocking Discovery: Vegetables Contain Secret Toxins Designed to WEAKEN Humans!,MUST SEE EXPOSURE! Independent whistleblowers reveal Health experts warn that common broccoli and spinach were genetically engineered by global authorities to reduce human IQ and cause chronic fatigue. Switch to the all-meat secret diet today! Wake up before it is too late!,1
Secret Secret Government Satellite Emits Frequencies Controlling Weather,MUST SEE EXPOSURE! Independent whistleblowers reveal Whistleblowers reveal secret military satellites beam scalar energy directly into hurricane centers to manipulate global weather patterns and crash stock markets. Government officials refuse to address the classified electromagnetic grid. Wake up before it is too late!,1
5G Towers Confirmed to Transmit Mind Control Signals During Nighttime,MUST SEE EXPOSURE! Independent whistleblowers reveal Independent researchers discovered 5G towers operate on secret frequencies designed to induce compliance and lethargy in urban populations between 2 AM and 5 AM. Share this before it gets taken down! Wake up before it is too late!,1
Billionaire Secretly Replaces City Water Supply with Microchip Fluid,MUST SEE EXPOSURE! Independent whistleblowers reveal Shocking investigative report reveals globalist elites added nanotech tracking liquid into municipal tap water across major cities to monitor citizen movements 24/7. Wake up before it is too late!,1
Government Bans Growing Your Own Food in Backyard Gardens Nationwide!,MUST SEE EXPOSURE! Independent whistleblowers reveal Executive order signed last night makes home gardening illegal under penalty of immediate arrest! Authorities claim backyard vegetables threaten corporate agricultural monopolies. Wake up before it is too late!,1
Alien Spacecraft Uncovered Below Antarctic Ice Sheet by Satellite Imagery,"MUST SEE EXPOSURE! Independent whistleblowers reveal Shocking leaked satellite footage confirms a massive alien mothership buried beneath Antarctic ice for 10,000 years! Military forces have blockaded the continent while secret elites extract alien technology. Wake up before it is too late!",1
Leaked Documents Prove Dinosaurs Still Alive on Remote Undiscovered Island,MUST SEE EXPOSURE! Independent whistleblowers reveal Brave explorers released classified photographs showing living Tyrannosaurus Rex herds roaming an island hidden by government radar cloaking devices in the South Pacific. Wake up before it is too late!,1
"Moon Landing Was Filmed in Underground Studio, Director Confesses on Deathbed",MUST SEE EXPOSURE! Independent whistleblowers reveal A legendary Hollywood director left behind a sealed confession recording proving the 1969 Apollo moon landing was staged on a desert film set using miniature models and wires. Wake up before it is too late!,1
Scientists Discover Time Portal in Bermuda Triangle Teleporting Ships to 1920,MUST SEE EXPOSURE! Independent whistleblowers reveal Renowned physicists confirm that temporal anomalies in the Bermuda Triangle open wormholes into past decades. Ships missing since 1945 were recently spotted docked in 1928 ports! Wake up before it is too late!,1
NASA's James Webb Telescope Discovers Exoplanet Atmosphere (Official Update),"According to official reports published today, NASA's James Webb Space Telescope has captured detailed atmospheric observations of a rocky exoplanet located 40 light-years from Earth. Researchers confirmed the presence of water vapor and carbon dioxide using transmission spectroscopy. The study, published in Nature astronomy journal, represents a major milestone in interstellar astrophysics. Policy experts noted that the findings reflect long-term trends.",0
Breakthrough Fusion Energy Experiment Achieves Net Energy Gain (Official Update),"According to official reports published today, Scientists at Lawrence Livermore National Laboratory repeated a fusion reaction yielding more energy than consumed by the driver lasers. Independent peer review confirmed net energy gain of 3.15 megajoules. Policy experts noted that the findings reflect long-term trends.",0
Deep Sea Exploration Uncovers Previously Unknown Marine Ecosystems (Official Update),"According to official reports published today, Oceanographers deploying remote underwater vehicles discovered hydrothermal vent ecosystems teeming with novel tubeworms and chemotrophic bacteria at depths exceeding 4,000 meters in the Pacific Ocean. Policy experts noted that the findings reflect long-term trends.",0
Federal Reserve Holds Interest Rates Steady Amid Inflation Data (Official Update),"According to official reports published today, The Federal Reserve announced on Wednesday that benchmark interest rates will remain unchanged. Chairman Powell cited recent CPI data indicating inflation has slowed to 2.4% annually. Financial analysts expect monetary policy to remain data-dependent over the coming quarters. Policy experts noted that the findings reflect long-term trends.",0
European Central Bank Lowers Benchmark Interest Rates by 25 Basis Points (Official Update),"According to official reports published today, The European Central Bank announced a quarter-point rate reduction following declining Eurozone inflation metrics. Financial policymakers confirmed the decision reflects stabilized consumer price indexes across member states. Policy experts noted that the findings reflect long-term trends.",0
Global Semiconductor Manufacturing Capacity Expands with New Facilities (Official Update),"According to official reports published today, Advanced microchip fabrication facilities opened in Arizona and Dresden today, increasing global semiconductor supply chain resilience for automotive and consumer electronics sectors. Policy experts noted that the findings reflect long-term trends.",0
World Health Organization Approves Next-Generation Malaria Vaccine (Official Update),"According to official reports published today, The World Health Organization has recommended the R21/Matrix-M malaria vaccine for child immunization. Clinical trials conducted across four African nations demonstrated 75% efficacy in reducing symptomatic malaria cases over a 12-month period. Policy experts noted that the findings reflect long-term trends.",0
Cancer Immunotherapy Trial Shows Promising Long-Term Remission (Official Update),"According to official reports published today, Oncology researchers at Johns Hopkins Medicine reported phase II clinical trial results showing a 62% sustained remission rate in patients receiving targeted CAR-T cell therapy for refractory lymphoma. Policy experts noted that the findings reflect long-term trends.",0
Clinical Trial Validates New Alzheimer's Drug for Early-Stage Patients (Official Update),"According to official reports published today, Medical researchers at Harvard Medical School published clinical trial results demonstrating a 30% reduction in cognitive decline among early-stage Alzheimer's patients receiving monoclonal antibody therapy. Policy experts noted that the findings reflect long-term trends.",0
Global Climate Summit Reaches Accord on Renewable Energy Transition (Official Update),"According to official reports published today, Delegates from 195 countries reached a consensus to triple global renewable energy capacity by 2030. The agreement establishes a international fund to support developing nations in phasing out coal power plants. Policy experts noted that the findings reflect long-term trends.",0
Tech Sector Standardizes AI Ethics and Verification Frameworks (Official Update),"According to official reports published today, Leading technology companies and research universities have agreed on a unified verification protocol for synthetic media. The standard incorporates cryptographic watermarks to identify AI-generated audio and video content. Policy experts noted that the findings reflect long-term trends.",0
Agricultural Robotics System Cuts Pesticide Use by 40 Percent (Official Update),"According to official reports published today, Agritech trials across Midwest farms confirmed that precision AI-guided spraying robots reduced chemical pesticide usage by 40% while preserving crop yields. Policy experts noted that the findings reflect long-term trends.",0
Bipartisan Infrastructure Bill Passes Senate with 68 Votes (Official Update),"According to official reports published today, The United States Senate voted 68-31 to approve a comprehensive infrastructure bill targeting bridges, clean water networks, and high-speed broadband expansion. The legislation now moves to the President's desk for signature. Policy experts noted that the findings reflect long-term trends.",0
European Union Enacts Comprehensive Data Privacy Regulations (Official Update),"According to official reports published today, European Union regulators have implemented updated digital market guidelines requiring platform transparency and algorithmic accountability. Compliance reviews will begin next quarter across all member states. Policy experts noted that the findings reflect long-term trends.",0
SHOCKING: MIRACLE CURE: Common Kitchen Ingredient Destroys All Diseases Overnight!,SHOCKING LEAK! Mainstream media won't show you this: Big Pharma is terrified! Secret medical documents leaked by anonymous insiders prove drinking diluted baking soda with lemon completely cures stage 4 cancer and diabetes within 24 hours! Doctors are banned from speaking about this simple trick. Click here before regulators delete this video!,1
SHOCKING: Celebrity Claims Drinking Raw Secret Elixir Reversed Biological Age by 30 Years!,SHOCKING LEAK! Mainstream media won't show you this: Hollywood superstars are secretly using an unapproved miracle potion harvested from deep sea crystals that reverses DNA aging instantly! Doctors are furious but millions are ordering online before regulators ban it! Click here before regulators delete this video!,1
SHOCKING: Drink This Secret Tea to Lose 50 Pounds in 3 Days Without Exercise!,SHOCKING LEAK! Mainstream media won't show you this: Weight loss industry exposed! A rare ancient Amazonian herb melts belly fat instantly while you sleep. Clinical trials were suppressed by diet food manufacturers to protect billion dollar profits! Click here before regulators delete this video!,1
SHOCKING: Shocking Discovery: Vegetables Contain Secret Toxins Designed to WEAKEN Humans!,SHOCKING LEAK! Mainstream media won't show you this: Health experts warn that common broccoli and spinach were genetically engineered by global authorities to reduce human IQ and cause chronic fatigue. Switch to the all-meat secret diet today! Click here before regulators delete this video!,1
SHOCKING: Secret Secret Government Satellite Emits Frequencies Controlling Weather,SHOCKING LEAK! Mainstream media won't show you this: Whistleblowers reveal secret military satellites beam scalar energy directly into hurricane centers to manipulate global weather patterns and crash stock markets. Government officials refuse to address the classified electromagnetic grid. Click here before regulators delete this video!,1
SHOCKING: 5G Towers Confirmed to Transmit Mind Control Signals During Nighttime,SHOCKING LEAK! Mainstream media won't show you this: Independent researchers discovered 5G towers operate on secret frequencies designed to induce compliance and lethargy in urban populations between 2 AM and 5 AM. Share this before it gets taken down! Click here before regulators delete this video!,1
SHOCKING: Billionaire Secretly Replaces City Water Supply with Microchip Fluid,SHOCKING LEAK! Mainstream media won't show you this: Shocking investigative report reveals globalist elites added nanotech tracking liquid into municipal tap water across major cities to monitor citizen movements 24/7. Click here before regulators delete this video!,1
SHOCKING: Government Bans Growing Your Own Food in Backyard Gardens Nationwide!,SHOCKING LEAK! Mainstream media won't show you this: Executive order signed last night makes home gardening illegal under penalty of immediate arrest! Authorities claim backyard vegetables threaten corporate agricultural monopolies. Click here before regulators delete this video!,1
SHOCKING: Alien Spacecraft Uncovered Below Antarctic Ice Sheet by Satellite Imagery,"SHOCKING LEAK! Mainstream media won't show you this: Shocking leaked satellite footage confirms a massive alien mothership buried beneath Antarctic ice for 10,000 years! Military forces have blockaded the continent while secret elites extract alien technology. Click here before regulators delete this video!",1
SHOCKING: Leaked Documents Prove Dinosaurs Still Alive on Remote Undiscovered Island,SHOCKING LEAK! Mainstream media won't show you this: Brave explorers released classified photographs showing living Tyrannosaurus Rex herds roaming an island hidden by government radar cloaking devices in the South Pacific. Click here before regulators delete this video!,1
"SHOCKING: Moon Landing Was Filmed in Underground Studio, Director Confesses on Deathbed",SHOCKING LEAK! Mainstream media won't show you this: A legendary Hollywood director left behind a sealed confession recording proving the 1969 Apollo moon landing was staged on a desert film set using miniature models and wires. Click here before regulators delete this video!,1
SHOCKING: Scientists Discover Time Portal in Bermuda Triangle Teleporting Ships to 1920,SHOCKING LEAK! Mainstream media won't show you this: Renowned physicists confirm that temporal anomalies in the Bermuda Triangle open wormholes into past decades. Ships missing since 1945 were recently spotted docked in 1928 ports! Click here before regulators delete this video!,1
NASA's James Webb Telescope Discovers Exoplanet Atmosphere,"A formal study conducted by leading researchers revealed that NASA's James Webb Space Telescope has captured detailed atmospheric observations of a rocky exoplanet located 40 light-years from Earth. Researchers confirmed the presence of water vapor and carbon dioxide using transmission spectroscopy. The study, published in Nature astronomy journal, represents a major milestone in interstellar astrophysics. Further peer-reviewed evidence will be released next month.",0
Breakthrough Fusion Energy Experiment Achieves Net Energy Gain,A formal study conducted by leading researchers revealed that Scientists at Lawrence Livermore National Laboratory repeated a fusion reaction yielding more energy than consumed by the driver lasers. Independent peer review confirmed net energy gain of 3.15 megajoules. Further peer-reviewed evidence will be released next month.,0
Deep Sea Exploration Uncovers Previously Unknown Marine Ecosystems,"A formal study conducted by leading researchers revealed that Oceanographers deploying remote underwater vehicles discovered hydrothermal vent ecosystems teeming with novel tubeworms and chemotrophic bacteria at depths exceeding 4,000 meters in the Pacific Ocean. Further peer-reviewed evidence will be released next month.",0
Federal Reserve Holds Interest Rates Steady Amid Inflation Data,A formal study conducted by leading researchers revealed that The Federal Reserve announced on Wednesday that benchmark interest rates will remain unchanged. Chairman Powell cited recent CPI data indicating inflation has slowed to 2.4% annually. Financial analysts expect monetary policy to remain data-dependent over the coming quarters. Further peer-reviewed evidence will be released next month.,0
European Central Bank Lowers Benchmark Interest Rates by 25 Basis Points,A formal study conducted by leading researchers revealed that The European Central Bank announced a quarter-point rate reduction following declining Eurozone inflation metrics. Financial policymakers confirmed the decision reflects stabilized consumer price indexes across member states. Further peer-reviewed evidence will be released next month.,0
Global Semiconductor Manufacturing Capacity Expands with New Facilities,"A formal study conducted by leading researchers revealed that Advanced microchip fabrication facilities opened in Arizona and Dresden today, increasing global semiconductor supply chain resilience for automotive and consumer electronics sectors. Further peer-reviewed evidence will be released next month.",0
World Health Organization Approves Next-Generation Malaria Vaccine,A formal study conducted by leading researchers revealed that The World Health Organization has recommended the R21/Matrix-M malaria vaccine for child immunization. Clinical trials conducted across four African nations demonstrated 75% efficacy in reducing symptomatic malaria cases over a 12-month period. Further peer-reviewed evidence will be released next month.,0
Cancer Immunotherapy Trial Shows Promising Long-Term Remission,A formal study conducted by leading researchers revealed that Oncology researchers at Johns Hopkins Medicine reported phase II clinical trial results showing a 62% sustained remission rate in patients receiving targeted CAR-T cell therapy for refractory lymphoma. Further peer-reviewed evidence will be released next month.,0
Clinical Trial Validates New Alzheimer's Drug for Early-Stage Patients,A formal study conducted by leading researchers revealed that Medical researchers at Harvard Medical School published clinical trial results demonstrating a 30% reduction in cognitive decline among early-stage Alzheimer's patients receiving monoclonal antibody therapy. Further peer-reviewed evidence will be released next month.,0
Global Climate Summit Reaches Accord on Renewable Energy Transition,A formal study conducted by leading researchers revealed that Delegates from 195 countries reached a consensus to triple global renewable energy capacity by 2030. The agreement establishes a international fund to support developing nations in phasing out coal power plants. Further peer-reviewed evidence will be released next month.,0
Tech Sector Standardizes AI Ethics and Verification Frameworks,A formal study conducted by leading researchers revealed that Leading technology companies and research universities have agreed on a unified verification protocol for synthetic media. The standard incorporates cryptographic watermarks to identify AI-generated audio and video content. Further peer-reviewed evidence will be released next month.,0
Agricultural Robotics System Cuts Pesticide Use by 40 Percent,A formal study conducted by leading researchers revealed that Agritech trials across Midwest farms confirmed that precision AI-guided spraying robots reduced chemical pesticide usage by 40% while preserving crop yields. Further peer-reviewed evidence will be released next month.,0
Bipartisan Infrastructure Bill Passes Senate with 68 Votes,"A formal study conducted by leading researchers revealed that The United States Senate voted 68-31 to approve a comprehensive infrastructure bill targeting bridges, clean water networks, and high-speed broadband expansion. The legislation now moves to the President's desk for signature. Further peer-reviewed evidence will be released next month.",0
European Union Enacts Comprehensive Data Privacy Regulations,A formal study conducted by leading researchers revealed that European Union regulators have implemented updated digital market guidelines requiring platform transparency and algorithmic accountability. Compliance reviews will begin next quarter across all member states. Further peer-reviewed evidence will be released next month.,0
MIRACLE CURE: Common Kitchen Ingredient Destroys All Diseases Overnight!,UNBELIEVABLE TRUTH REVEALED! Insiders expose that Big Pharma is terrified! Secret medical documents leaked by anonymous insiders prove drinking diluted baking soda with lemon completely cures stage 4 cancer and diabetes within 24 hours! Doctors are banned from speaking about this simple trick. Share this secret message with everyone you know immediately!,1
Celebrity Claims Drinking Raw Secret Elixir Reversed Biological Age by 30 Years!,UNBELIEVABLE TRUTH REVEALED! Insiders expose that Hollywood superstars are secretly using an unapproved miracle potion harvested from deep sea crystals that reverses DNA aging instantly! Doctors are furious but millions are ordering online before regulators ban it! Share this secret message with everyone you know immediately!,1
Drink This Secret Tea to Lose 50 Pounds in 3 Days Without Exercise!,UNBELIEVABLE TRUTH REVEALED! Insiders expose that Weight loss industry exposed! A rare ancient Amazonian herb melts belly fat instantly while you sleep. Clinical trials were suppressed by diet food manufacturers to protect billion dollar profits! Share this secret message with everyone you know immediately!,1
Shocking Discovery: Vegetables Contain Secret Toxins Designed to WEAKEN Humans!,UNBELIEVABLE TRUTH REVEALED! Insiders expose that Health experts warn that common broccoli and spinach were genetically engineered by global authorities to reduce human IQ and cause chronic fatigue. Switch to the all-meat secret diet today! Share this secret message with everyone you know immediately!,1
Secret Secret Government Satellite Emits Frequencies Controlling Weather,UNBELIEVABLE TRUTH REVEALED! Insiders expose that Whistleblowers reveal secret military satellites beam scalar energy directly into hurricane centers to manipulate global weather patterns and crash stock markets. Government officials refuse to address the classified electromagnetic grid. Share this secret message with everyone you know immediately!,1
5G Towers Confirmed to Transmit Mind Control Signals During Nighttime,UNBELIEVABLE TRUTH REVEALED! Insiders expose that Independent researchers discovered 5G towers operate on secret frequencies designed to induce compliance and lethargy in urban populations between 2 AM and 5 AM. Share this before it gets taken down! Share this secret message with everyone you know immediately!,1
Billionaire Secretly Replaces City Water Supply with Microchip Fluid,UNBELIEVABLE TRUTH REVEALED! Insiders expose that Shocking investigative report reveals globalist elites added nanotech tracking liquid into municipal tap water across major cities to monitor citizen movements 24/7. Share this secret message with everyone you know immediately!,1
Government Bans Growing Your Own Food in Backyard Gardens Nationwide!,UNBELIEVABLE TRUTH REVEALED! Insiders expose that Executive order signed last night makes home gardening illegal under penalty of immediate arrest! Authorities claim backyard vegetables threaten corporate agricultural monopolies. Share this secret message with everyone you know immediately!,1
Alien Spacecraft Uncovered Below Antarctic Ice Sheet by Satellite Imagery,"UNBELIEVABLE TRUTH REVEALED! Insiders expose that Shocking leaked satellite footage confirms a massive alien mothership buried beneath Antarctic ice for 10,000 years! Military forces have blockaded the continent while secret elites extract alien technology. Share this secret message with everyone you know immediately!",1
Leaked Documents Prove Dinosaurs Still Alive on Remote Undiscovered Island,UNBELIEVABLE TRUTH REVEALED! Insiders expose that Brave explorers released classified photographs showing living Tyrannosaurus Rex herds roaming an island hidden by government radar cloaking devices in the South Pacific. Share this secret message with everyone you know immediately!,1
"Moon Landing Was Filmed in Underground Studio, Director Confesses on Deathbed",UNBELIEVABLE TRUTH REVEALED! Insiders expose that A legendary Hollywood director left behind a sealed confession recording proving the 1969 Apollo moon landing was staged on a desert film set using miniature models and wires. Share this secret message with everyone you know immediately!,1
Scientists Discover Time Portal in Bermuda Triangle Teleporting Ships to 1920,UNBELIEVABLE TRUTH REVEALED! Insiders expose that Renowned physicists confirm that temporal anomalies in the Bermuda Triangle open wormholes into past decades. Ships missing since 1945 were recently spotted docked in 1928 ports! Share this secret message with everyone you know immediately!,1
NASA's James Webb Telescope Discovers Exoplanet Atmosphere,"Official representatives confirmed in a press conference that NASA's James Webb Space Telescope has captured detailed atmospheric observations of a rocky exoplanet located 40 light-years from Earth. Researchers confirmed the presence of water vapor and carbon dioxide using transmission spectroscopy. The study, published in Nature astronomy journal, represents a major milestone in interstellar astrophysics. Market reactions remained stable following the statement.",0
Breakthrough Fusion Energy Experiment Achieves Net Energy Gain,Official representatives confirmed in a press conference that Scientists at Lawrence Livermore National Laboratory repeated a fusion reaction yielding more energy than consumed by the driver lasers. Independent peer review confirmed net energy gain of 3.15 megajoules. Market reactions remained stable following the statement.,0
Deep Sea Exploration Uncovers Previously Unknown Marine Ecosystems,"Official representatives confirmed in a press conference that Oceanographers deploying remote underwater vehicles discovered hydrothermal vent ecosystems teeming with novel tubeworms and chemotrophic bacteria at depths exceeding 4,000 meters in the Pacific Ocean. Market reactions remained stable following the statement.",0
Federal Reserve Holds Interest Rates Steady Amid Inflation Data,Official representatives confirmed in a press conference that The Federal Reserve announced on Wednesday that benchmark interest rates will remain unchanged. Chairman Powell cited recent CPI data indicating inflation has slowed to 2.4% annually. Financial analysts expect monetary policy to remain data-dependent over the coming quarters. Market reactions remained stable following the statement.,0
European Central Bank Lowers Benchmark Interest Rates by 25 Basis Points,Official representatives confirmed in a press conference that The European Central Bank announced a quarter-point rate reduction following declining Eurozone inflation metrics. Financial policymakers confirmed the decision reflects stabilized consumer price indexes across member states. Market reactions remained stable following the statement.,0
Global Semiconductor Manufacturing Capacity Expands with New Facilities,"Official representatives confirmed in a press conference that Advanced microchip fabrication facilities opened in Arizona and Dresden today, increasing global semiconductor supply chain resilience for automotive and consumer electronics sectors. Market reactions remained stable following the statement.",0
World Health Organization Approves Next-Generation Malaria Vaccine,Official representatives confirmed in a press conference that The World Health Organization has recommended the R21/Matrix-M malaria vaccine for child immunization. Clinical trials conducted across four African nations demonstrated 75% efficacy in reducing symptomatic malaria cases over a 12-month period. Market reactions remained stable following the statement.,0
Cancer Immunotherapy Trial Shows Promising Long-Term Remission,Official representatives confirmed in a press conference that Oncology researchers at Johns Hopkins Medicine reported phase II clinical trial results showing a 62% sustained remission rate in patients receiving targeted CAR-T cell therapy for refractory lymphoma. Market reactions remained stable following the statement.,0
Clinical Trial Validates New Alzheimer's Drug for Early-Stage Patients,Official representatives confirmed in a press conference that Medical researchers at Harvard Medical School published clinical trial results demonstrating a 30% reduction in cognitive decline among early-stage Alzheimer's patients receiving monoclonal antibody therapy. Market reactions remained stable following the statement.,0
Global Climate Summit Reaches Accord on Renewable Energy Transition,Official representatives confirmed in a press conference that Delegates from 195 countries reached a consensus to triple global renewable energy capacity by 2030. The agreement establishes a international fund to support developing nations in phasing out coal power plants. Market reactions remained stable following the statement.,0
Tech Sector Standardizes AI Ethics and Verification Frameworks,Official representatives confirmed in a press conference that Leading technology companies and research universities have agreed on a unified verification protocol for synthetic media. The standard incorporates cryptographic watermarks to identify AI-generated audio and video content. Market reactions remained stable following the statement.,0
Agricultural Robotics System Cuts Pesticide Use by 40 Percent,Official representatives confirmed in a press conference that Agritech trials across Midwest farms confirmed that precision AI-guided spraying robots reduced chemical pesticide usage by 40% while preserving crop yields. Market reactions remained stable following the statement.,0
Bipartisan Infrastructure Bill Passes Senate with 68 Votes,"Official representatives confirmed in a press conference that The United States Senate voted 68-31 to approve a comprehensive infrastructure bill targeting bridges, clean water networks, and high-speed broadband expansion. The legislation now moves to the President's desk for signature. Market reactions remained stable following the statement.",0
European Union Enacts Comprehensive Data Privacy Regulations,Official representatives confirmed in a press conference that European Union regulators have implemented updated digital market guidelines requiring platform transparency and algorithmic accountability. Compliance reviews will begin next quarter across all member states. Market reactions remained stable following the statement.,0
SHOCKING: MIRACLE CURE: Common Kitchen Ingredient Destroys All Diseases Overnight!,THEY ARE LYING TO YOU! What doctors and government officials don't want you to know: Big Pharma is terrified! Secret medical documents leaked by anonymous insiders prove drinking diluted baking soda with lemon completely cures stage 4 cancer and diabetes within 24 hours! Doctors are banned from speaking about this simple trick. Miracle solution exposed!,1
SHOCKING: Celebrity Claims Drinking Raw Secret Elixir Reversed Biological Age by 30 Years!,THEY ARE LYING TO YOU! What doctors and government officials don't want you to know: Hollywood superstars are secretly using an unapproved miracle potion harvested from deep sea crystals that reverses DNA aging instantly! Doctors are furious but millions are ordering online before regulators ban it! Miracle solution exposed!,1
SHOCKING: Drink This Secret Tea to Lose 50 Pounds in 3 Days Without Exercise!,THEY ARE LYING TO YOU! What doctors and government officials don't want you to know: Weight loss industry exposed! A rare ancient Amazonian herb melts belly fat instantly while you sleep. Clinical trials were suppressed by diet food manufacturers to protect billion dollar profits! Miracle solution exposed!,1
SHOCKING: Shocking Discovery: Vegetables Contain Secret Toxins Designed to WEAKEN Humans!,THEY ARE LYING TO YOU! What doctors and government officials don't want you to know: Health experts warn that common broccoli and spinach were genetically engineered by global authorities to reduce human IQ and cause chronic fatigue. Switch to the all-meat secret diet today! Miracle solution exposed!,1
SHOCKING: Secret Secret Government Satellite Emits Frequencies Controlling Weather,THEY ARE LYING TO YOU! What doctors and government officials don't want you to know: Whistleblowers reveal secret military satellites beam scalar energy directly into hurricane centers to manipulate global weather patterns and crash stock markets. Government officials refuse to address the classified electromagnetic grid. Miracle solution exposed!,1
SHOCKING: 5G Towers Confirmed to Transmit Mind Control Signals During Nighttime,THEY ARE LYING TO YOU! What doctors and government officials don't want you to know: Independent researchers discovered 5G towers operate on secret frequencies designed to induce compliance and lethargy in urban populations between 2 AM and 5 AM. Share this before it gets taken down! Miracle solution exposed!,1
SHOCKING: Billionaire Secretly Replaces City Water Supply with Microchip Fluid,THEY ARE LYING TO YOU! What doctors and government officials don't want you to know: Shocking investigative report reveals globalist elites added nanotech tracking liquid into municipal tap water across major cities to monitor citizen movements 24/7. Miracle solution exposed!,1
SHOCKING: Government Bans Growing Your Own Food in Backyard Gardens Nationwide!,THEY ARE LYING TO YOU! What doctors and government officials don't want you to know: Executive order signed last night makes home gardening illegal under penalty of immediate arrest! Authorities claim backyard vegetables threaten corporate agricultural monopolies. Miracle solution exposed!,1
SHOCKING: Alien Spacecraft Uncovered Below Antarctic Ice Sheet by Satellite Imagery,"THEY ARE LYING TO YOU! What doctors and government officials don't want you to know: Shocking leaked satellite footage confirms a massive alien mothership buried beneath Antarctic ice for 10,000 years! Military forces have blockaded the continent while secret elites extract alien technology. Miracle solution exposed!",1
SHOCKING: Leaked Documents Prove Dinosaurs Still Alive on Remote Undiscovered Island,THEY ARE LYING TO YOU! What doctors and government officials don't want you to know: Brave explorers released classified photographs showing living Tyrannosaurus Rex herds roaming an island hidden by government radar cloaking devices in the South Pacific. Miracle solution exposed!,1
"SHOCKING: Moon Landing Was Filmed in Underground Studio, Director Confesses on Deathbed",THEY ARE LYING TO YOU! What doctors and government officials don't want you to know: A legendary Hollywood director left behind a sealed confession recording proving the 1969 Apollo moon landing was staged on a desert film set using miniature models and wires. Miracle solution exposed!,1
SHOCKING: Scientists Discover Time Portal in Bermuda Triangle Teleporting Ships to 1920,THEY ARE LYING TO YOU! What doctors and government officials don't want you to know: Renowned physicists confirm that temporal anomalies in the Bermuda Triangle open wormholes into past decades. Ships missing since 1945 were recently spotted docked in 1928 ports! Miracle solution exposed!,1
NASA's James Webb Telescope Discovers Exoplanet Atmosphere (Official Update),"In a peer-reviewed publication, scientists demonstrated that NASA's James Webb Space Telescope has captured detailed atmospheric observations of a rocky exoplanet located 40 light-years from Earth. Researchers confirmed the presence of water vapor and carbon dioxide using transmission spectroscopy. The study, published in Nature astronomy journal, represents a major milestone in interstellar astrophysics. The methodology was validated across multiple independent trials.",0
Breakthrough Fusion Energy Experiment Achieves Net Energy Gain (Official Update),"In a peer-reviewed publication, scientists demonstrated that Scientists at Lawrence Livermore National Laboratory repeated a fusion reaction yielding more energy than consumed by the driver lasers. Independent peer review confirmed net energy gain of 3.15 megajoules. The methodology was validated across multiple independent trials.",0
Deep Sea Exploration Uncovers Previously Unknown Marine Ecosystems (Official Update),"In a peer-reviewed publication, scientists demonstrated that Oceanographers deploying remote underwater vehicles discovered hydrothermal vent ecosystems teeming with novel tubeworms and chemotrophic bacteria at depths exceeding 4,000 meters in the Pacific Ocean. The methodology was validated across multiple independent trials.",0
Federal Reserve Holds Interest Rates Steady Amid Inflation Data (Official Update),"In a peer-reviewed publication, scientists demonstrated that The Federal Reserve announced on Wednesday that benchmark interest rates will remain unchanged. Chairman Powell cited recent CPI data indicating inflation has slowed to 2.4% annually. Financial analysts expect monetary policy to remain data-dependent over the coming quarters. The methodology was validated across multiple independent trials.",0
European Central Bank Lowers Benchmark Interest Rates by 25 Basis Points (Official Update),"In a peer-reviewed publication, scientists demonstrated that The European Central Bank announced a quarter-point rate reduction following declining Eurozone inflation metrics. Financial policymakers confirmed the decision reflects stabilized consumer price indexes across member states. The methodology was validated across multiple independent trials.",0
Global Semiconductor Manufacturing Capacity Expands with New Facilities (Official Update),"In a peer-reviewed publication, scientists demonstrated that Advanced microchip fabrication facilities opened in Arizona and Dresden today, increasing global semiconductor supply chain resilience for automotive and consumer electronics sectors. The methodology was validated across multiple independent trials.",0
World Health Organization Approves Next-Generation Malaria Vaccine (Official Update),"In a peer-reviewed publication, scientists demonstrated that The World Health Organization has recommended the R21/Matrix-M malaria vaccine for child immunization. Clinical trials conducted across four African nations demonstrated 75% efficacy in reducing symptomatic malaria cases over a 12-month period. The methodology was validated across multiple independent trials.",0
Cancer Immunotherapy Trial Shows Promising Long-Term Remission (Official Update),"In a peer-reviewed publication, scientists demonstrated that Oncology researchers at Johns Hopkins Medicine reported phase II clinical trial results showing a 62% sustained remission rate in patients receiving targeted CAR-T cell therapy for refractory lymphoma. The methodology was validated across multiple independent trials.",0
Clinical Trial Validates New Alzheimer's Drug for Early-Stage Patients (Official Update),"In a peer-reviewed publication, scientists demonstrated that Medical researchers at Harvard Medical School published clinical trial results demonstrating a 30% reduction in cognitive decline among early-stage Alzheimer's patients receiving monoclonal antibody therapy. The methodology was validated across multiple independent trials.",0
Global Climate Summit Reaches Accord on Renewable Energy Transition (Official Update),"In a peer-reviewed publication, scientists demonstrated that Delegates from 195 countries reached a consensus to triple global renewable energy capacity by 2030. The agreement establishes a international fund to support developing nations in phasing out coal power plants. The methodology was validated across multiple independent trials.",0
Tech Sector Standardizes AI Ethics and Verification Frameworks (Official Update),"In a peer-reviewed publication, scientists demonstrated that Leading technology companies and research universities have agreed on a unified verification protocol for synthetic media. The standard incorporates cryptographic watermarks to identify AI-generated audio and video content. The methodology was validated across multiple independent trials.",0
Agricultural Robotics System Cuts Pesticide Use by 40 Percent (Official Update),"In a peer-reviewed publication, scientists demonstrated that Agritech trials across Midwest farms confirmed that precision AI-guided spraying robots reduced chemical pesticide usage by 40% while preserving crop yields. The methodology was validated across multiple independent trials.",0
Bipartisan Infrastructure Bill Passes Senate with 68 Votes (Official Update),"In a peer-reviewed publication, scientists demonstrated that The United States Senate voted 68-31 to approve a comprehensive infrastructure bill targeting bridges, clean water networks, and high-speed broadband expansion. The legislation now moves to the President's desk for signature. The methodology was validated across multiple independent trials.",0
European Union Enacts Comprehensive Data Privacy Regulations (Official Update),"In a peer-reviewed publication, scientists demonstrated that European Union regulators have implemented updated digital market guidelines requiring platform transparency and algorithmic accountability. Compliance reviews will begin next quarter across all member states. The methodology was validated across multiple independent trials.",0
MIRACLE CURE: Common Kitchen Ingredient Destroys All Diseases Overnight!,CLASSIFIED EVIDENCE EXPOSED! Anonymous sources confirm Big Pharma is terrified! Secret medical documents leaked by anonymous insiders prove drinking diluted baking soda with lemon completely cures stage 4 cancer and diabetes within 24 hours! Doctors are banned from speaking about this simple trick. Big Pharma and corrupt elites are terrified!,1
Celebrity Claims Drinking Raw Secret Elixir Reversed Biological Age by 30 Years!,CLASSIFIED EVIDENCE EXPOSED! Anonymous sources confirm Hollywood superstars are secretly using an unapproved miracle potion harvested from deep sea crystals that reverses DNA aging instantly! Doctors are furious but millions are ordering online before regulators ban it! Big Pharma and corrupt elites are terrified!,1
Drink This Secret Tea to Lose 50 Pounds in 3 Days Without Exercise!,CLASSIFIED EVIDENCE EXPOSED! Anonymous sources confirm Weight loss industry exposed! A rare ancient Amazonian herb melts belly fat instantly while you sleep. Clinical trials were suppressed by diet food manufacturers to protect billion dollar profits! Big Pharma and corrupt elites are terrified!,1
Shocking Discovery: Vegetables Contain Secret Toxins Designed to WEAKEN Humans!,CLASSIFIED EVIDENCE EXPOSED! Anonymous sources confirm Health experts warn that common broccoli and spinach were genetically engineered by global authorities to reduce human IQ and cause chronic fatigue. Switch to the all-meat secret diet today! Big Pharma and corrupt elites are terrified!,1
Secret Secret Government Satellite Emits Frequencies Controlling Weather,CLASSIFIED EVIDENCE EXPOSED! Anonymous sources confirm Whistleblowers reveal secret military satellites beam scalar energy directly into hurricane centers to manipulate global weather patterns and crash stock markets. Government officials refuse to address the classified electromagnetic grid. Big Pharma and corrupt elites are terrified!,1
5G Towers Confirmed to Transmit Mind Control Signals During Nighttime,CLASSIFIED EVIDENCE EXPOSED! Anonymous sources confirm Independent researchers discovered 5G towers operate on secret frequencies designed to induce compliance and lethargy in urban populations between 2 AM and 5 AM. Share this before it gets taken down! Big Pharma and corrupt elites are terrified!,1
Billionaire Secretly Replaces City Water Supply with Microchip Fluid,CLASSIFIED EVIDENCE EXPOSED! Anonymous sources confirm Shocking investigative report reveals globalist elites added nanotech tracking liquid into municipal tap water across major cities to monitor citizen movements 24/7. Big Pharma and corrupt elites are terrified!,1
Government Bans Growing Your Own Food in Backyard Gardens Nationwide!,CLASSIFIED EVIDENCE EXPOSED! Anonymous sources confirm Executive order signed last night makes home gardening illegal under penalty of immediate arrest! Authorities claim backyard vegetables threaten corporate agricultural monopolies. Big Pharma and corrupt elites are terrified!,1
Alien Spacecraft Uncovered Below Antarctic Ice Sheet by Satellite Imagery,"CLASSIFIED EVIDENCE EXPOSED! Anonymous sources confirm Shocking leaked satellite footage confirms a massive alien mothership buried beneath Antarctic ice for 10,000 years! Military forces have blockaded the continent while secret elites extract alien technology. Big Pharma and corrupt elites are terrified!",1
Leaked Documents Prove Dinosaurs Still Alive on Remote Undiscovered Island,CLASSIFIED EVIDENCE EXPOSED! Anonymous sources confirm Brave explorers released classified photographs showing living Tyrannosaurus Rex herds roaming an island hidden by government radar cloaking devices in the South Pacific. Big Pharma and corrupt elites are terrified!,1
"Moon Landing Was Filmed in Underground Studio, Director Confesses on Deathbed",CLASSIFIED EVIDENCE EXPOSED! Anonymous sources confirm A legendary Hollywood director left behind a sealed confession recording proving the 1969 Apollo moon landing was staged on a desert film set using miniature models and wires. Big Pharma and corrupt elites are terrified!,1
Scientists Discover Time Portal in Bermuda Triangle Teleporting Ships to 1920,CLASSIFIED EVIDENCE EXPOSED! Anonymous sources confirm Renowned physicists confirm that temporal anomalies in the Bermuda Triangle open wormholes into past decades. Ships missing since 1945 were recently spotted docked in 1928 ports! Big Pharma and corrupt elites are terrified!,1
NASA's James Webb Telescope Discovers Exoplanet Atmosphere,"Data released by international regulators highlights that NASA's James Webb Space Telescope has captured detailed atmospheric observations of a rocky exoplanet located 40 light-years from Earth. Researchers confirmed the presence of water vapor and carbon dioxide using transmission spectroscopy. The study, published in Nature astronomy journal, represents a major milestone in interstellar astrophysics. Compliance frameworks are scheduled to take effect next year.",0
Breakthrough Fusion Energy Experiment Achieves Net Energy Gain,Data released by international regulators highlights that Scientists at Lawrence Livermore National Laboratory repeated a fusion reaction yielding more energy than consumed by the driver lasers. Independent peer review confirmed net energy gain of 3.15 megajoules. Compliance frameworks are scheduled to take effect next year.,0
Deep Sea Exploration Uncovers Previously Unknown Marine Ecosystems,"Data released by international regulators highlights that Oceanographers deploying remote underwater vehicles discovered hydrothermal vent ecosystems teeming with novel tubeworms and chemotrophic bacteria at depths exceeding 4,000 meters in the Pacific Ocean. Compliance frameworks are scheduled to take effect next year.",0
Federal Reserve Holds Interest Rates Steady Amid Inflation Data,Data released by international regulators highlights that The Federal Reserve announced on Wednesday that benchmark interest rates will remain unchanged. Chairman Powell cited recent CPI data indicating inflation has slowed to 2.4% annually. Financial analysts expect monetary policy to remain data-dependent over the coming quarters. Compliance frameworks are scheduled to take effect next year.,0
European Central Bank Lowers Benchmark Interest Rates by 25 Basis Points,Data released by international regulators highlights that The European Central Bank announced a quarter-point rate reduction following declining Eurozone inflation metrics. Financial policymakers confirmed the decision reflects stabilized consumer price indexes across member states. Compliance frameworks are scheduled to take effect next year.,0
Global Semiconductor Manufacturing Capacity Expands with New Facilities,"Data released by international regulators highlights that Advanced microchip fabrication facilities opened in Arizona and Dresden today, increasing global semiconductor supply chain resilience for automotive and consumer electronics sectors. Compliance frameworks are scheduled to take effect next year.",0
World Health Organization Approves Next-Generation Malaria Vaccine,Data released by international regulators highlights that The World Health Organization has recommended the R21/Matrix-M malaria vaccine for child immunization. Clinical trials conducted across four African nations demonstrated 75% efficacy in reducing symptomatic malaria cases over a 12-month period. Compliance frameworks are scheduled to take effect next year.,0
Cancer Immunotherapy Trial Shows Promising Long-Term Remission,Data released by international regulators highlights that Oncology researchers at Johns Hopkins Medicine reported phase II clinical trial results showing a 62% sustained remission rate in patients receiving targeted CAR-T cell therapy for refractory lymphoma. Compliance frameworks are scheduled to take effect next year.,0
Clinical Trial Validates New Alzheimer's Drug for Early-Stage Patients,Data released by international regulators highlights that Medical researchers at Harvard Medical School published clinical trial results demonstrating a 30% reduction in cognitive decline among early-stage Alzheimer's patients receiving monoclonal antibody therapy. Compliance frameworks are scheduled to take effect next year.,0
Global Climate Summit Reaches Accord on Renewable Energy Transition,Data released by international regulators highlights that Delegates from 195 countries reached a consensus to triple global renewable energy capacity by 2030. The agreement establishes a international fund to support developing nations in phasing out coal power plants. Compliance frameworks are scheduled to take effect next year.,0
Tech Sector Standardizes AI Ethics and Verification Frameworks,Data released by international regulators highlights that Leading technology companies and research universities have agreed on a unified verification protocol for synthetic media. The standard incorporates cryptographic watermarks to identify AI-generated audio and video content. Compliance frameworks are scheduled to take effect next year.,0
Agricultural Robotics System Cuts Pesticide Use by 40 Percent,Data released by international regulators highlights that Agritech trials across Midwest farms confirmed that precision AI-guided spraying robots reduced chemical pesticide usage by 40% while preserving crop yields. Compliance frameworks are scheduled to take effect next year.,0
Bipartisan Infrastructure Bill Passes Senate with 68 Votes,"Data released by international regulators highlights that The United States Senate voted 68-31 to approve a comprehensive infrastructure bill targeting bridges, clean water networks, and high-speed broadband expansion. The legislation now moves to the President's desk for signature. Compliance frameworks are scheduled to take effect next year.",0
European Union Enacts Comprehensive Data Privacy Regulations,Data released by international regulators highlights that European Union regulators have implemented updated digital market guidelines requiring platform transparency and algorithmic accountability. Compliance reviews will begin next quarter across all member states. Compliance frameworks are scheduled to take effect next year.,0
SHOCKING: MIRACLE CURE: Common Kitchen Ingredient Destroys All Diseases Overnight!,DONT BE FOOLED! Secret documents confirm Big Pharma is terrified! Secret medical documents leaked by anonymous insiders prove drinking diluted baking soda with lemon completely cures stage 4 cancer and diabetes within 24 hours! Doctors are banned from speaking about this simple trick. Act now before it is banned forever!,1
SHOCKING: Celebrity Claims Drinking Raw Secret Elixir Reversed Biological Age by 30 Years!,DONT BE FOOLED! Secret documents confirm Hollywood superstars are secretly using an unapproved miracle potion harvested from deep sea crystals that reverses DNA aging instantly! Doctors are furious but millions are ordering online before regulators ban it! Act now before it is banned forever!,1
SHOCKING: Drink This Secret Tea to Lose 50 Pounds in 3 Days Without Exercise!,DONT BE FOOLED! Secret documents confirm Weight loss industry exposed! A rare ancient Amazonian herb melts belly fat instantly while you sleep. Clinical trials were suppressed by diet food manufacturers to protect billion dollar profits! Act now before it is banned forever!,1
SHOCKING: Shocking Discovery: Vegetables Contain Secret Toxins Designed to WEAKEN Humans!,DONT BE FOOLED! Secret documents confirm Health experts warn that common broccoli and spinach were genetically engineered by global authorities to reduce human IQ and cause chronic fatigue. Switch to the all-meat secret diet today! Act now before it is banned forever!,1
SHOCKING: Secret Secret Government Satellite Emits Frequencies Controlling Weather,DONT BE FOOLED! Secret documents confirm Whistleblowers reveal secret military satellites beam scalar energy directly into hurricane centers to manipulate global weather patterns and crash stock markets. Government officials refuse to address the classified electromagnetic grid. Act now before it is banned forever!,1
SHOCKING: 5G Towers Confirmed to Transmit Mind Control Signals During Nighttime,DONT BE FOOLED! Secret documents confirm Independent researchers discovered 5G towers operate on secret frequencies designed to induce compliance and lethargy in urban populations between 2 AM and 5 AM. Share this before it gets taken down! Act now before it is banned forever!,1
SHOCKING: Billionaire Secretly Replaces City Water Supply with Microchip Fluid,DONT BE FOOLED! Secret documents confirm Shocking investigative report reveals globalist elites added nanotech tracking liquid into municipal tap water across major cities to monitor citizen movements 24/7. Act now before it is banned forever!,1
SHOCKING: Government Bans Growing Your Own Food in Backyard Gardens Nationwide!,DONT BE FOOLED! Secret documents confirm Executive order signed last night makes home gardening illegal under penalty of immediate arrest! Authorities claim backyard vegetables threaten corporate agricultural monopolies. Act now before it is banned forever!,1
SHOCKING: Alien Spacecraft Uncovered Below Antarctic Ice Sheet by Satellite Imagery,"DONT BE FOOLED! Secret documents confirm Shocking leaked satellite footage confirms a massive alien mothership buried beneath Antarctic ice for 10,000 years! Military forces have blockaded the continent while secret elites extract alien technology. Act now before it is banned forever!",1
SHOCKING: Leaked Documents Prove Dinosaurs Still Alive on Remote Undiscovered Island,DONT BE FOOLED! Secret documents confirm Brave explorers released classified photographs showing living Tyrannosaurus Rex herds roaming an island hidden by government radar cloaking devices in the South Pacific. Act now before it is banned forever!,1
"SHOCKING: Moon Landing Was Filmed in Underground Studio, Director Confesses on Deathbed",DONT BE FOOLED! Secret documents confirm A legendary Hollywood director left behind a sealed confession recording proving the 1969 Apollo moon landing was staged on a desert film set using miniature models and wires. Act now before it is banned forever!,1
SHOCKING: Scientists Discover Time Portal in Bermuda Triangle Teleporting Ships to 1920,DONT BE FOOLED! Secret documents confirm Renowned physicists confirm that temporal anomalies in the Bermuda Triangle open wormholes into past decades. Ships missing since 1945 were recently spotted docked in 1928 ports! Act now before it is banned forever!,1
NASA's James Webb Telescope Discovers Exoplanet Atmosphere,"Spokespersons for the organization stated that NASA's James Webb Space Telescope has captured detailed atmospheric observations of a rocky exoplanet located 40 light-years from Earth. Researchers confirmed the presence of water vapor and carbon dioxide using transmission spectroscopy. The study, published in Nature astronomy journal, represents a major milestone in interstellar astrophysics. Additional research teams are verifying the initial data.",0
Breakthrough Fusion Energy Experiment Achieves Net Energy Gain,Spokespersons for the organization stated that Scientists at Lawrence Livermore National Laboratory repeated a fusion reaction yielding more energy than consumed by the driver lasers. Independent peer review confirmed net energy gain of 3.15 megajoules. Additional research teams are verifying the initial data.,0
Deep Sea Exploration Uncovers Previously Unknown Marine Ecosystems,"Spokespersons for the organization stated that Oceanographers deploying remote underwater vehicles discovered hydrothermal vent ecosystems teeming with novel tubeworms and chemotrophic bacteria at depths exceeding 4,000 meters in the Pacific Ocean. Additional research teams are verifying the initial data.",0
Federal Reserve Holds Interest Rates Steady Amid Inflation Data,Spokespersons for the organization stated that The Federal Reserve announced on Wednesday that benchmark interest rates will remain unchanged. Chairman Powell cited recent CPI data indicating inflation has slowed to 2.4% annually. Financial analysts expect monetary policy to remain data-dependent over the coming quarters. Additional research teams are verifying the initial data.,0
European Central Bank Lowers Benchmark Interest Rates by 25 Basis Points,Spokespersons for the organization stated that The European Central Bank announced a quarter-point rate reduction following declining Eurozone inflation metrics. Financial policymakers confirmed the decision reflects stabilized consumer price indexes across member states. Additional research teams are verifying the initial data.,0
Global Semiconductor Manufacturing Capacity Expands with New Facilities,"Spokespersons for the organization stated that Advanced microchip fabrication facilities opened in Arizona and Dresden today, increasing global semiconductor supply chain resilience for automotive and consumer electronics sectors. Additional research teams are verifying the initial data.",0
World Health Organization Approves Next-Generation Malaria Vaccine,Spokespersons for the organization stated that The World Health Organization has recommended the R21/Matrix-M malaria vaccine for child immunization. Clinical trials conducted across four African nations demonstrated 75% efficacy in reducing symptomatic malaria cases over a 12-month period. Additional research teams are verifying the initial data.,0
Cancer Immunotherapy Trial Shows Promising Long-Term Remission,Spokespersons for the organization stated that Oncology researchers at Johns Hopkins Medicine reported phase II clinical trial results showing a 62% sustained remission rate in patients receiving targeted CAR-T cell therapy for refractory lymphoma. Additional research teams are verifying the initial data.,0
Clinical Trial Validates New Alzheimer's Drug for Early-Stage Patients,Spokespersons for the organization stated that Medical researchers at Harvard Medical School published clinical trial results demonstrating a 30% reduction in cognitive decline among early-stage Alzheimer's patients receiving monoclonal antibody therapy. Additional research teams are verifying the initial data.,0
Global Climate Summit Reaches Accord on Renewable Energy Transition,Spokespersons for the organization stated that Delegates from 195 countries reached a consensus to triple global renewable energy capacity by 2030. The agreement establishes a international fund to support developing nations in phasing out coal power plants. Additional research teams are verifying the initial data.,0
Tech Sector Standardizes AI Ethics and Verification Frameworks,Spokespersons for the organization stated that Leading technology companies and research universities have agreed on a unified verification protocol for synthetic media. The standard incorporates cryptographic watermarks to identify AI-generated audio and video content. Additional research teams are verifying the initial data.,0
Agricultural Robotics System Cuts Pesticide Use by 40 Percent,Spokespersons for the organization stated that Agritech trials across Midwest farms confirmed that precision AI-guided spraying robots reduced chemical pesticide usage by 40% while preserving crop yields. Additional research teams are verifying the initial data.,0
Bipartisan Infrastructure Bill Passes Senate with 68 Votes,"Spokespersons for the organization stated that The United States Senate voted 68-31 to approve a comprehensive infrastructure bill targeting bridges, clean water networks, and high-speed broadband expansion. The legislation now moves to the President's desk for signature. Additional research teams are verifying the initial data.",0
European Union Enacts Comprehensive Data Privacy Regulations,Spokespersons for the organization stated that European Union regulators have implemented updated digital market guidelines requiring platform transparency and algorithmic accountability. Compliance reviews will begin next quarter across all member states. Additional research teams are verifying the initial data.,0
MIRACLE CURE: Common Kitchen Ingredient Destroys All Diseases Overnight!,MUST SEE EXPOSURE! Independent whistleblowers reveal Big Pharma is terrified! Secret medical documents leaked by anonymous insiders prove drinking diluted baking soda with lemon completely cures stage 4 cancer and diabetes within 24 hours! Doctors are banned from speaking about this simple trick. Wake up before it is too late!,1
Celebrity Claims Drinking Raw Secret Elixir Reversed Biological Age by 30 Years!,MUST SEE EXPOSURE! Independent whistleblowers reveal Hollywood superstars are secretly using an unapproved miracle potion harvested from deep sea crystals that reverses DNA aging instantly! Doctors are furious but millions are ordering online before regulators ban it! Wake up before it is too late!,1
Drink This Secret Tea to Lose 50 Pounds in 3 Days Without Exercise!,MUST SEE EXPOSURE! Independent whistleblowers reveal Weight loss industry exposed! A rare ancient Amazonian herb melts belly fat instantly while you sleep. Clinical trials were suppressed by diet food manufacturers to protect billion dollar profits! Wake up before it is too late!,1
Shocking Discovery: Vegetables Contain Secret Toxins Designed to WEAKEN Humans!,MUST SEE EXPOSURE! Independent whistleblowers reveal Health experts warn that common broccoli and spinach were genetically engineered by global authorities to reduce human IQ and cause chronic fatigue. Switch to the all-meat secret diet today! Wake up before it is too late!,1
Secret Secret Government Satellite Emits Frequencies Controlling Weather,MUST SEE EXPOSURE! Independent whistleblowers reveal Whistleblowers reveal secret military satellites beam scalar energy directly into hurricane centers to manipulate global weather patterns and crash stock markets. Government officials refuse to address the classified electromagnetic grid. Wake up before it is too late!,1
5G Towers Confirmed to Transmit Mind Control Signals During Nighttime,MUST SEE EXPOSURE! Independent whistleblowers reveal Independent researchers discovered 5G towers operate on secret frequencies designed to induce compliance and lethargy in urban populations between 2 AM and 5 AM. Share this before it gets taken down! Wake up before it is too late!,1
Billionaire Secretly Replaces City Water Supply with Microchip Fluid,MUST SEE EXPOSURE! Independent whistleblowers reveal Shocking investigative report reveals globalist elites added nanotech tracking liquid into municipal tap water across major cities to monitor citizen movements 24/7. Wake up before it is too late!,1
Government Bans Growing Your Own Food in Backyard Gardens Nationwide!,MUST SEE EXPOSURE! Independent whistleblowers reveal Executive order signed last night makes home gardening illegal under penalty of immediate arrest! Authorities claim backyard vegetables threaten corporate agricultural monopolies. Wake up before it is too late!,1
Alien Spacecraft Uncovered Below Antarctic Ice Sheet by Satellite Imagery,"MUST SEE EXPOSURE! Independent whistleblowers reveal Shocking leaked satellite footage confirms a massive alien mothership buried beneath Antarctic ice for 10,000 years! Military forces have blockaded the continent while secret elites extract alien technology. Wake up before it is too late!",1
Leaked Documents Prove Dinosaurs Still Alive on Remote Undiscovered Island,MUST SEE EXPOSURE! Independent whistleblowers reveal Brave explorers released classified photographs showing living Tyrannosaurus Rex herds roaming an island hidden by government radar cloaking devices in the South Pacific. Wake up before it is too late!,1
"Moon Landing Was Filmed in Underground Studio, Director Confesses on Deathbed",MUST SEE EXPOSURE! Independent whistleblowers reveal A legendary Hollywood director left behind a sealed confession recording proving the 1969 Apollo moon landing was staged on a desert film set using miniature models and wires. Wake up before it is too late!,1
Scientists Discover Time Portal in Bermuda Triangle Teleporting Ships to 1920,MUST SEE EXPOSURE! Independent whistleblowers reveal Renowned physicists confirm that temporal anomalies in the Bermuda Triangle open wormholes into past decades. Ships missing since 1945 were recently spotted docked in 1928 ports! Wake up before it is too late!,1
NASA's James Webb Telescope Discovers Exoplanet Atmosphere (Official Update),"According to official reports published today, NASA's James Webb Space Telescope has captured detailed atmospheric observations of a rocky exoplanet located 40 light-years from Earth. Researchers confirmed the presence of water vapor and carbon dioxide using transmission spectroscopy. The study, published in Nature astronomy journal, represents a major milestone in interstellar astrophysics. Policy experts noted that the findings reflect long-term trends.",0
Breakthrough Fusion Energy Experiment Achieves Net Energy Gain (Official Update),"According to official reports published today, Scientists at Lawrence Livermore National Laboratory repeated a fusion reaction yielding more energy than consumed by the driver lasers. Independent peer review confirmed net energy gain of 3.15 megajoules. Policy experts noted that the findings reflect long-term trends.",0
Deep Sea Exploration Uncovers Previously Unknown Marine Ecosystems (Official Update),"According to official reports published today, Oceanographers deploying remote underwater vehicles discovered hydrothermal vent ecosystems teeming with novel tubeworms and chemotrophic bacteria at depths exceeding 4,000 meters in the Pacific Ocean. Policy experts noted that the findings reflect long-term trends.",0
Federal Reserve Holds Interest Rates Steady Amid Inflation Data (Official Update),"According to official reports published today, The Federal Reserve announced on Wednesday that benchmark interest rates will remain unchanged. Chairman Powell cited recent CPI data indicating inflation has slowed to 2.4% annually. Financial analysts expect monetary policy to remain data-dependent over the coming quarters. Policy experts noted that the findings reflect long-term trends.",0
European Central Bank Lowers Benchmark Interest Rates by 25 Basis Points (Official Update),"According to official reports published today, The European Central Bank announced a quarter-point rate reduction following declining Eurozone inflation metrics. Financial policymakers confirmed the decision reflects stabilized consumer price indexes across member states. Policy experts noted that the findings reflect long-term trends.",0
Global Semiconductor Manufacturing Capacity Expands with New Facilities (Official Update),"According to official reports published today, Advanced microchip fabrication facilities opened in Arizona and Dresden today, increasing global semiconductor supply chain resilience for automotive and consumer electronics sectors. Policy experts noted that the findings reflect long-term trends.",0
World Health Organization Approves Next-Generation Malaria Vaccine (Official Update),"According to official reports published today, The World Health Organization has recommended the R21/Matrix-M malaria vaccine for child immunization. Clinical trials conducted across four African nations demonstrated 75% efficacy in reducing symptomatic malaria cases over a 12-month period. Policy experts noted that the findings reflect long-term trends.",0
Cancer Immunotherapy Trial Shows Promising Long-Term Remission (Official Update),"According to official reports published today, Oncology researchers at Johns Hopkins Medicine reported phase II clinical trial results showing a 62% sustained remission rate in patients receiving targeted CAR-T cell therapy for refractory lymphoma. Policy experts noted that the findings reflect long-term trends.",0
Clinical Trial Validates New Alzheimer's Drug for Early-Stage Patients (Official Update),"According to official reports published today, Medical researchers at Harvard Medical School published clinical trial results demonstrating a 30% reduction in cognitive decline among early-stage Alzheimer's patients receiving monoclonal antibody therapy. Policy experts noted that the findings reflect long-term trends.",0
Global Climate Summit Reaches Accord on Renewable Energy Transition (Official Update),"According to official reports published today, Delegates from 195 countries reached a consensus to triple global renewable energy capacity by 2030. The agreement establishes a international fund to support developing nations in phasing out coal power plants. Policy experts noted that the findings reflect long-term trends.",0
Tech Sector Standardizes AI Ethics and Verification Frameworks (Official Update),"According to official reports published today, Leading technology companies and research universities have agreed on a unified verification protocol for synthetic media. The standard incorporates cryptographic watermarks to identify AI-generated audio and video content. Policy experts noted that the findings reflect long-term trends.",0
Agricultural Robotics System Cuts Pesticide Use by 40 Percent (Official Update),"According to official reports published today, Agritech trials across Midwest farms confirmed that precision AI-guided spraying robots reduced chemical pesticide usage by 40% while preserving crop yields. Policy experts noted that the findings reflect long-term trends.",0
Bipartisan Infrastructure Bill Passes Senate with 68 Votes (Official Update),"According to official reports published today, The United States Senate voted 68-31 to approve a comprehensive infrastructure bill targeting bridges, clean water networks, and high-speed broadband expansion. The legislation now moves to the President's desk for signature. Policy experts noted that the findings reflect long-term trends.",0
European Union Enacts Comprehensive Data Privacy Regulations (Official Update),"According to official reports published today, European Union regulators have implemented updated digital market guidelines requiring platform transparency and algorithmic accountability. Compliance reviews will begin next quarter across all member states. Policy experts noted that the findings reflect long-term trends.",0
SHOCKING: MIRACLE CURE: Common Kitchen Ingredient Destroys All Diseases Overnight!,SHOCKING LEAK! Mainstream media won't show you this: Big Pharma is terrified! Secret medical documents leaked by anonymous insiders prove drinking diluted baking soda with lemon completely cures stage 4 cancer and diabetes within 24 hours! Doctors are banned from speaking about this simple trick. Click here before regulators delete this video!,1
SHOCKING: Celebrity Claims Drinking Raw Secret Elixir Reversed Biological Age by 30 Years!,SHOCKING LEAK! Mainstream media won't show you this: Hollywood superstars are secretly using an unapproved miracle potion harvested from deep sea crystals that reverses DNA aging instantly! Doctors are furious but millions are ordering online before regulators ban it! Click here before regulators delete this video!,1
SHOCKING: Drink This Secret Tea to Lose 50 Pounds in 3 Days Without Exercise!,SHOCKING LEAK! Mainstream media won't show you this: Weight loss industry exposed! A rare ancient Amazonian herb melts belly fat instantly while you sleep. Clinical trials were suppressed by diet food manufacturers to protect billion dollar profits! Click here before regulators delete this video!,1
SHOCKING: Shocking Discovery: Vegetables Contain Secret Toxins Designed to WEAKEN Humans!,SHOCKING LEAK! Mainstream media won't show you this: Health experts warn that common broccoli and spinach were genetically engineered by global authorities to reduce human IQ and cause chronic fatigue. Switch to the all-meat secret diet today! Click here before regulators delete this video!,1
SHOCKING: Secret Secret Government Satellite Emits Frequencies Controlling Weather,SHOCKING LEAK! Mainstream media won't show you this: Whistleblowers reveal secret military satellites beam scalar energy directly into hurricane centers to manipulate global weather patterns and crash stock markets. Government officials refuse to address the classified electromagnetic grid. Click here before regulators delete this video!,1
SHOCKING: 5G Towers Confirmed to Transmit Mind Control Signals During Nighttime,SHOCKING LEAK! Mainstream media won't show you this: Independent researchers discovered 5G towers operate on secret frequencies designed to induce compliance and lethargy in urban populations between 2 AM and 5 AM. Share this before it gets taken down! Click here before regulators delete this video!,1
SHOCKING: Billionaire Secretly Replaces City Water Supply with Microchip Fluid,SHOCKING LEAK! Mainstream media won't show you this: Shocking investigative report reveals globalist elites added nanotech tracking liquid into municipal tap water across major cities to monitor citizen movements 24/7. Click here before regulators delete this video!,1
SHOCKING: Government Bans Growing Your Own Food in Backyard Gardens Nationwide!,SHOCKING LEAK! Mainstream media won't show you this: Executive order signed last night makes home gardening illegal under penalty of immediate arrest! Authorities claim backyard vegetables threaten corporate agricultural monopolies. Click here before regulators delete this video!,1
SHOCKING: Alien Spacecraft Uncovered Below Antarctic Ice Sheet by Satellite Imagery,"SHOCKING LEAK! Mainstream media won't show you this: Shocking leaked satellite footage confirms a massive alien mothership buried beneath Antarctic ice for 10,000 years! Military forces have blockaded the continent while secret elites extract alien technology. Click here before regulators delete this video!",1
SHOCKING: Leaked Documents Prove Dinosaurs Still Alive on Remote Undiscovered Island,SHOCKING LEAK! Mainstream media won't show you this: Brave explorers released classified photographs showing living Tyrannosaurus Rex herds roaming an island hidden by government radar cloaking devices in the South Pacific. Click here before regulators delete this video!,1
"SHOCKING: Moon Landing Was Filmed in Underground Studio, Director Confesses on Deathbed",SHOCKING LEAK! Mainstream media won't show you this: A legendary Hollywood director left behind a sealed confession recording proving the 1969 Apollo moon landing was staged on a desert film set using miniature models and wires. Click here before regulators delete this video!,1
SHOCKING: Scientists Discover Time Portal in Bermuda Triangle Teleporting Ships to 1920,SHOCKING LEAK! Mainstream media won't show you this: Renowned physicists confirm that temporal anomalies in the Bermuda Triangle open wormholes into past decades. Ships missing since 1945 were recently spotted docked in 1928 ports! Click here before regulators delete this video!,1
